week_start,geo,send_count,delivered,unique_opens,unique_clicks,open_rate,click_rate
2023-01-02,Northeast,10109,9912,2307,310,0.2327,0.0313
2023-01-02,Mid-Atlantic,8972,8676,2021,237,0.2329,0.0273
2023-01-02,Southeast,8109,7981,1626,218,0.2037,0.0273
2023-01-02,Midwest,8497,8403,1798,265,0.214,0.0315
2023-01-02,Mountain,7176,7044,1621,180,0.2301,0.0255
2023-01-02,West,10332,10117,2059,269,0.2035,0.0266
2023-01-09,Northeast,10127,9851,2444,289,0.2481,0.0293
2023-01-09,Mid-Atlantic,8759,8561,1956,246,0.2285,0.0287
2023-01-09,Southeast,7778,7584,1663,259,0.2193,0.0341
2023-01-09,Midwest,8303,8114,1928,227,0.2376,0.028
2023-01-09,Mountain,6901,6737,1446,227,0.2147,0.0337
2023-01-09,West,10798,10371,2319,335,0.2236,0.0323
2023-01-16,Northeast,9944,9611,2455,283,0.2554,0.0294
2023-01-16,Mid-Atlantic,9035,8817,2184,293,0.2477,0.0332
2023-01-16,Southeast,8480,8187,2078,250,0.2538,0.0305
2023-01-16,Midwest,8423,8098,1853,263,0.2288,0.0325
2023-01-16,Mountain,7403,7255,1862,242,0.2566,0.0333
2023-01-16,West,10783,10614,2692,382,0.2536,0.036
2023-01-23,Northeast,13506,13077,3497,421,0.2674,0.0322
2023-01-23,Mid-Atlantic,11761,11356,2923,404,0.2574,0.0356
2023-01-23,Southeast,11373,11145,2873,420,0.2578,0.0377
2023-01-23,Midwest,11380,11081,3041,370,0.2744,0.0334
2023-01-23,Mountain,9693,9487,2583,324,0.2723,0.0342
2023-01-23,West,13231,12746,3402,407,0.2669,0.0319
2023-01-30,Northeast,10100,9972,2623,328,0.263,0.0329
2023-01-30,Mid-Atlantic,9868,9541,2698,308,0.2828,0.0323
2023-01-30,Southeast,8557,8364,2141,329,0.256,0.0393
2023-01-30,Midwest,9477,9204,2574,360,0.2797,0.0391
2023-01-30,Mountain,7313,7090,1889,282,0.2665,0.0398
2023-01-30,West,10395,10070,2633,374,0.2615,0.0371
2023-02-06,Northeast,10487,10117,2789,402,0.2757,0.0397
2023-02-06,Mid-Atlantic,9449,9106,2542,315,0.2792,0.0346
2023-02-06,Southeast,8777,8661,2434,311,0.281,0.0359
2023-02-06,Midwest,8771,8453,2232,321,0.264,0.038
2023-02-06,Mountain,7462,7181,1945,245,0.2709,0.0341
2023-02-06,West,11622,11360,3090,381,0.272,0.0335
2023-02-13,Northeast,10396,10054,2947,382,0.2931,0.038
2023-02-13,Mid-Atlantic,9797,9437,2683,352,0.2843,0.0373
2023-02-13,Southeast,8347,8225,2268,290,0.2758,0.0353
2023-02-13,Midwest,8740,8640,2269,289,0.2626,0.0335
2023-02-13,Mountain,7455,7330,2005,262,0.2736,0.0357
2023-02-13,West,10914,10708,3150,410,0.2942,0.0383
2023-02-20,Northeast,12010,11739,3274,360,0.2789,0.0307
2023-02-20,Mid-Atlantic,11826,11493,3076,399,0.2676,0.0347
2023-02-20,Southeast,10533,10302,2696,351,0.2617,0.0341
2023-02-20,Midwest,11592,11261,3209,391,0.285,0.0347
2023-02-20,Mountain,8747,8585,2501,270,0.2913,0.0315
2023-02-20,West,14035,13502,3980,398,0.2948,0.0295
2023-02-27,Northeast,11445,11174,2918,361,0.2611,0.0323
2023-02-27,Mid-Atlantic,10682,10300,2826,290,0.2744,0.0282
2023-02-27,Southeast,9361,9255,2393,254,0.2586,0.0274
2023-02-27,Midwest,9887,9739,2576,279,0.2645,0.0286
2023-02-27,Mountain,8077,7898,2300,222,0.2912,0.0281
2023-02-27,West,11342,11151,2880,386,0.2583,0.0346
2023-03-06,Northeast,11834,11432,2997,333,0.2622,0.0291
2023-03-06,Mid-Atlantic,11267,10951,2948,331,0.2692,0.0302
2023-03-06,Southeast,9815,9599,2430,270,0.2532,0.0281
2023-03-06,Midwest,10671,10448,2719,332,0.2602,0.0318
2023-03-06,Mountain,8846,8693,2333,246,0.2684,0.0283
2023-03-06,West,11877,11464,3294,327,0.2873,0.0285
2023-03-13,Northeast,11827,11397,2741,317,0.2405,0.0278
2023-03-13,Mid-Atlantic,11410,11252,2982,288,0.265,0.0256
2023-03-13,Southeast,9720,9581,2672,244,0.2789,0.0255
2023-03-13,Midwest,10665,10342,2814,262,0.2721,0.0253
2023-03-13,Mountain,9028,8908,2427,259,0.2725,0.0291
2023-03-13,West,13059,12875,3160,362,0.2454,0.0281
2023-03-20,Northeast,11314,11064,2635,297,0.2382,0.0268
2023-03-20,Mid-Atlantic,11728,11276,2693,224,0.2388,0.0199
2023-03-20,Southeast,9720,9382,2164,200,0.2307,0.0213
2023-03-20,Midwest,10609,10394,2583,207,0.2485,0.0199
2023-03-20,Mountain,8230,7973,1948,183,0.2443,0.023
2023-03-20,West,12775,12512,3169,299,0.2533,0.0239
2023-03-27,Northeast,12313,12045,2788,236,0.2315,0.0196
2023-03-27,Mid-Atlantic,10951,10689,2448,246,0.229,0.023
2023-03-27,Southeast,9978,9583,2122,206,0.2214,0.0215
2023-03-27,Midwest,10048,9697,2279,216,0.235,0.0223
2023-03-27,Mountain,8990,8661,1995,174,0.2303,0.0201
2023-03-27,West,12233,12035,3058,292,0.2541,0.0243
2023-04-03,Northeast,15431,15008,3155,345,0.2102,0.023
2023-04-03,Mid-Atlantic,15235,14843,3346,330,0.2254,0.0222
2023-04-03,Southeast,13014,12594,2569,247,0.204,0.0196
2023-04-03,Midwest,14179,13962,3111,325,0.2228,0.0233
2023-04-03,Mountain,11937,11806,2726,201,0.2309,0.017
2023-04-03,West,16094,15595,3247,312,0.2082,0.02
2023-04-10,Northeast,12122,11931,2517,194,0.211,0.0163
2023-04-10,Mid-Atlantic,12007,11585,2184,277,0.1885,0.0239
2023-04-10,Southeast,10144,9881,1956,211,0.198,0.0214
2023-04-10,Midwest,10141,10012,1898,223,0.1896,0.0223
2023-04-10,Mountain,8886,8780,1727,191,0.1967,0.0218
2023-04-10,West,12871,12429,2329,235,0.1874,0.0189
2023-04-17,Northeast,12032,11861,2270,227,0.1914,0.0191
2023-04-17,Mid-Atlantic,12254,12094,2395,254,0.198,0.021
2023-04-17,Southeast,11058,10874,2276,254,0.2093,0.0234
2023-04-17,Midwest,11523,11338,2265,241,0.1998,0.0213
2023-04-17,Mountain,9412,9211,1815,218,0.1971,0.0237
2023-04-17,West,12979,12643,2290,228,0.1811,0.018
2023-04-24,Northeast,13155,12954,2312,311,0.1785,0.024
2023-04-24,Mid-Atlantic,11253,10986,1965,288,0.1789,0.0262
2023-04-24,Southeast,10205,9936,1856,196,0.1868,0.0197
2023-04-24,Midwest,10639,10270,1901,210,0.1851,0.0204
2023-04-24,Mountain,9033,8917,1581,177,0.1773,0.0198
2023-04-24,West,13726,13197,2622,278,0.1987,0.0211
2023-05-01,Northeast,12195,11911,1963,298,0.1648,0.025
2023-05-01,Mid-Atlantic,12811,12478,1998,282,0.1601,0.0226
2023-05-01,Southeast,11174,10786,1641,275,0.1521,0.0255
2023-05-01,Midwest,10408,10023,1541,290,0.1537,0.0289
2023-05-01,Mountain,9735,9475,1703,223,0.1797,0.0235
2023-05-01,West,12691,12285,1856,301,0.1511,0.0245
2023-05-08,Northeast,16102,15653,2786,415,0.178,0.0265
2023-05-08,Mid-Atlantic,15175,14937,2238,475,0.1498,0.0318
2023-05-08,Southeast,12722,12426,1996,349,0.1606,0.0281
2023-05-08,Midwest,12742,12365,2048,396,0.1656,0.032
2023-05-08,Mountain,11674,11246,1939,292,0.1724,0.026
2023-05-08,West,16725,16235,2568,419,0.1582,0.0258
2023-05-15,Northeast,13647,13301,2277,454,0.1712,0.0341
2023-05-15,Mid-Atlantic,12553,12323,2144,389,0.174,0.0316
2023-05-15,Southeast,10247,9872,1460,275,0.1479,0.0279
2023-05-15,Midwest,11328,11181,1746,328,0.1562,0.0293
2023-05-15,Mountain,9321,9204,1405,268,0.1527,0.0291
2023-05-15,West,14520,14177,2399,427,0.1692,0.0301
2023-05-22,Northeast,13200,13032,2304,412,0.1768,0.0316
2023-05-22,Mid-Atlantic,11895,11531,2066,387,0.1792,0.0336
2023-05-22,Southeast,11265,11072,1625,347,0.1468,0.0313
2023-05-22,Midwest,11976,11746,1720,369,0.1464,0.0314
2023-05-22,Mountain,9464,9241,1508,310,0.1632,0.0336
2023-05-22,West,12904,12394,1779,404,0.1435,0.0326
2023-05-29,Northeast,13876,13408,2439,469,0.1819,0.035
2023-05-29,Mid-Atlantic,11379,10986,1617,383,0.1472,0.0349
2023-05-29,Southeast,10955,10840,1828,367,0.1686,0.0339
2023-05-29,Midwest,11991,11542,1842,387,0.1596,0.0335
2023-05-29,Mountain,10073,9783,1604,347,0.164,0.0355
2023-05-29,West,14210,14046,2413,496,0.1718,0.0353
2023-06-05,Northeast,12421,12211,1902,475,0.1558,0.0389
2023-06-05,Mid-Atlantic,10836,10518,1783,385,0.1695,0.0366
2023-06-05,Southeast,10726,10559,1901,412,0.18,0.039
2023-06-05,Midwest,10290,10108,1545,353,0.1528,0.0349
2023-06-05,Mountain,8613,8370,1522,333,0.1818,0.0398
2023-06-05,West,13049,12732,2091,493,0.1642,0.0387
2023-06-12,Northeast,14952,14527,2812,498,0.1936,0.0343
2023-06-12,Mid-Atlantic,14527,14155,2520,457,0.178,0.0323
2023-06-12,Southeast,12817,12320,2259,457,0.1834,0.0371
2023-06-12,Midwest,12628,12342,2030,436,0.1645,0.0353
2023-06-12,Mountain,11027,10896,2123,426,0.1948,0.0391
2023-06-12,West,16259,15942,3168,582,0.1987,0.0365
2023-06-19,Northeast,11859,11531,1987,435,0.1723,0.0377
2023-06-19,Mid-Atlantic,11167,10871,2201,372,0.2025,0.0342
2023-06-19,Southeast,9826,9534,1970,351,0.2066,0.0368
2023-06-19,Midwest,9924,9742,1792,348,0.1839,0.0357
2023-06-19,Mountain,9276,8931,1690,309,0.1892,0.0346
2023-06-19,West,12764,12396,2583,404,0.2084,0.0326
2023-06-26,Northeast,11894,11422,2346,360,0.2054,0.0315
2023-06-26,Mid-Atlantic,11281,10871,2047,359,0.1883,0.033
2023-06-26,Southeast,10445,10253,2276,379,0.222,0.037
2023-06-26,Midwest,11054,10840,2359,341,0.2176,0.0315
2023-06-26,Mountain,8669,8529,1785,307,0.2093,0.036
2023-06-26,West,12546,12178,2725,403,0.2238,0.0331
2023-07-03,Northeast,11956,11664,2669,394,0.2288,0.0338
2023-07-03,Mid-Atlantic,11137,10782,2445,289,0.2268,0.0268
2023-07-03,Southeast,9557,9323,2038,251,0.2186,0.0269
2023-07-03,Midwest,9998,9867,2159,269,0.2188,0.0273
2023-07-03,Mountain,8517,8408,1929,279,0.2294,0.0332
2023-07-03,West,12533,12111,2624,355,0.2167,0.0293
2023-07-10,Northeast,11727,11472,2713,365,0.2365,0.0318
2023-07-10,Mid-Atlantic,11786,11458,2714,283,0.2369,0.0247
2023-07-10,Southeast,9557,9278,2332,271,0.2514,0.0292
2023-07-10,Midwest,9866,9481,2157,264,0.2275,0.0278
2023-07-10,Mountain,8654,8367,2081,219,0.2487,0.0262
2023-07-10,West,13025,12545,3065,326,0.2443,0.026
2023-07-17,Northeast,11681,11463,3006,298,0.2622,0.026
2023-07-17,Mid-Atlantic,10992,10604,2440,246,0.2301,0.0232
2023-07-17,Southeast,9490,9355,2172,265,0.2322,0.0283
2023-07-17,Midwest,10727,10401,2379,284,0.2287,0.0273
2023-07-17,Mountain,8966,8716,2171,224,0.2491,0.0257
2023-07-17,West,13110,12922,3459,293,0.2677,0.0227
2023-07-24,Northeast,14542,13986,3566,371,0.255,0.0265
2023-07-24,Mid-Atlantic,13709,13311,3237,335,0.2432,0.0252
2023-07-24,Southeast,11758,11617,3075,251,0.2647,0.0216
2023-07-24,Midwest,12362,12121,3134,309,0.2586,0.0255
2023-07-24,Mountain,9494,9153,2376,203,0.2596,0.0222
2023-07-24,West,13838,13514,3262,322,0.2414,0.0238
2023-07-31,Northeast,11521,11208,3106,217,0.2771,0.0194
2023-07-31,Mid-Atlantic,10849,10562,2893,242,0.2739,0.0229
2023-07-31,Southeast,8977,8622,2159,199,0.2504,0.0231
2023-07-31,Midwest,10400,10267,2656,187,0.2587,0.0182
2023-07-31,Mountain,8930,8768,2214,154,0.2525,0.0176
2023-07-31,West,13067,12592,3360,263,0.2668,0.0209
2023-08-07,Northeast,10769,10493,2696,220,0.2569,0.021
2023-08-07,Mid-Atlantic,10566,10309,2663,228,0.2583,0.0221
2023-08-07,Southeast,10125,9749,2574,158,0.264,0.0162
2023-08-07,Midwest,9738,9449,2490,184,0.2635,0.0195
2023-08-07,Mountain,8916,8770,2462,168,0.2807,0.0191
2023-08-07,West,11498,11076,3211,215,0.2899,0.0194
2023-08-14,Northeast,11246,10838,3235,180,0.2985,0.0166
2023-08-14,Mid-Atlantic,10417,10236,2821,197,0.2756,0.0192
2023-08-14,Southeast,9829,9611,2631,158,0.2737,0.0164
2023-08-14,Midwest,10366,10128,2785,197,0.275,0.0195
2023-08-14,Mountain,8185,7865,2186,129,0.2779,0.0164
2023-08-14,West,12707,12339,3671,271,0.2975,0.022
2023-08-21,Northeast,14323,13760,3828,259,0.2782,0.0188
2023-08-21,Mid-Atlantic,13563,13418,3682,258,0.2744,0.0192
2023-08-21,Southeast,11519,11341,3050,272,0.2689,0.024
2023-08-21,Midwest,11785,11538,3031,203,0.2627,0.0176
2023-08-21,Mountain,10785,10381,2991,223,0.2881,0.0215
2023-08-21,West,15021,14428,4274,297,0.2962,0.0206
2023-08-28,Northeast,10417,10080,2610,268,0.2589,0.0266
2023-08-28,Mid-Atlantic,10517,10230,2629,247,0.257,0.0241
2023-08-28,Southeast,8950,8827,2367,182,0.2682,0.0206
2023-08-28,Midwest,9695,9383,2575,225,0.2744,0.024
2023-08-28,Mountain,7595,7312,2058,192,0.2814,0.0263
2023-08-28,West,12454,12068,3317,244,0.2749,0.0202
2023-09-04,Northeast,12169,11927,3220,287,0.27,0.0241
2023-09-04,Mid-Atlantic,11046,10839,3013,260,0.278,0.024
2023-09-04,Southeast,10227,10046,2853,273,0.284,0.0272
2023-09-04,Midwest,10358,10253,2880,286,0.2809,0.0279
2023-09-04,Mountain,9244,9135,2308,250,0.2527,0.0274
2023-09-04,West,13380,12858,3400,324,0.2644,0.0252
2023-09-11,Northeast,10927,10794,2932,271,0.2716,0.0251
2023-09-11,Mid-Atlantic,10519,10294,2521,288,0.2449,0.028
2023-09-11,Southeast,9408,9124,2336,243,0.256,0.0266
2023-09-11,Midwest,10016,9739,2597,254,0.2667,0.0261
2023-09-11,Mountain,8773,8571,2240,210,0.2613,0.0245
2023-09-11,West,13079,12622,3344,357,0.2649,0.0283
2023-09-18,Northeast,11949,11621,2752,378,0.2368,0.0325
2023-09-18,Mid-Atlantic,10544,10168,2354,273,0.2315,0.0268
2023-09-18,Southeast,9240,8917,2225,288,0.2495,0.0323
2023-09-18,Midwest,9451,9138,2231,312,0.2441,0.0341
2023-09-18,Mountain,8210,7981,2077,260,0.2602,0.0326
2023-09-18,West,12286,11929,2918,414,0.2446,0.0347
2023-09-25,Northeast,11744,11560,2591,377,0.2241,0.0326
2023-09-25,Mid-Atlantic,10481,10303,2559,369,0.2484,0.0358
2023-09-25,Southeast,9564,9242,2221,306,0.2403,0.0331
2023-09-25,Midwest,10123,9945,2305,324,0.2318,0.0326
2023-09-25,Mountain,8380,8049,1821,255,0.2263,0.0317
2023-09-25,West,12025,11820,2597,346,0.2197,0.0293
2023-10-02,Northeast,10716,10401,2165,363,0.2082,0.0349
2023-10-02,Mid-Atlantic,11380,11203,2253,399,0.2011,0.0356
2023-10-02,Southeast,10111,9754,2080,317,0.2132,0.0325
2023-10-02,Midwest,10019,9841,2038,374,0.2071,0.038
2023-10-02,Mountain,8142,7858,1587,297,0.202,0.0378
2023-10-02,West,12161,11924,2605,376,0.2185,0.0315
2023-10-09,Northeast,13273,12745,2639,486,0.2071,0.0381
2023-10-09,Mid-Atlantic,11735,11279,2133,360,0.1891,0.0319
2023-10-09,Southeast,10352,9987,2182,354,0.2185,0.0354
2023-10-09,Midwest,11133,10904,2236,426,0.2051,0.0391
2023-10-09,Mountain,9367,9026,1936,288,0.2145,0.0319
2023-10-09,West,13557,13071,2568,485,0.1965,0.0371
2023-10-16,Northeast,11123,10960,2309,397,0.2107,0.0362
2023-10-16,Mid-Atlantic,10986,10578,2093,383,0.1979,0.0362
2023-10-16,Southeast,8958,8783,1652,299,0.1881,0.034
2023-10-16,Midwest,10077,9758,1851,355,0.1897,0.0364
2023-10-16,Mountain,7958,7685,1629,292,0.212,0.038
2023-10-16,West,11219,10933,2253,389,0.2061,0.0356
2023-10-23,Northeast,11181,10950,1777,371,0.1623,0.0339
2023-10-23,Mid-Atlantic,11034,10884,2144,396,0.197,0.0364
2023-10-23,Southeast,9435,9312,1680,334,0.1804,0.0359
2023-10-23,Midwest,9406,9146,1506,289,0.1647,0.0316
2023-10-23,Mountain,7739,7596,1293,253,0.1702,0.0333
2023-10-23,West,12126,11667,1898,373,0.1627,0.032
2023-10-30,Northeast,13397,13227,2052,434,0.1551,0.0328
2023-10-30,Mid-Atlantic,13702,13269,2245,394,0.1692,0.0297
2023-10-30,Southeast,11271,11100,2049,340,0.1846,0.0306
2023-10-30,Midwest,11623,11229,2046,417,0.1822,0.0371
2023-10-30,Mountain,10530,10137,1837,358,0.1812,0.0353
2023-10-30,West,14415,13926,2360,409,0.1695,0.0294
2023-11-06,Northeast,12103,11735,2133,329,0.1818,0.028
2023-11-06,Mid-Atlantic,11176,11060,1896,364,0.1714,0.0329
2023-11-06,Southeast,10626,10430,1765,307,0.1692,0.0294
2023-11-06,Midwest,11152,11024,1668,332,0.1513,0.0301
2023-11-06,Mountain,8615,8355,1279,237,0.1531,0.0284
2023-11-06,West,12945,12531,2096,422,0.1673,0.0337
2023-11-13,Northeast,12513,12301,1851,336,0.1505,0.0273
2023-11-13,Mid-Atlantic,11637,11442,1999,284,0.1747,0.0248
2023-11-13,Southeast,10016,9767,1543,261,0.158,0.0267
2023-11-13,Midwest,10875,10723,1647,306,0.1536,0.0285
2023-11-13,Mountain,8561,8242,1281,227,0.1554,0.0275
2023-11-13,West,13399,13092,1952,368,0.1491,0.0281
2023-11-20,Northeast,15653,15466,2765,342,0.1788,0.0221
2023-11-20,Mid-Atlantic,15759,15586,2350,340,0.1508,0.0218
2023-11-20,Southeast,13852,13606,2178,333,0.1601,0.0245
2023-11-20,Midwest,13299,12985,2131,312,0.1641,0.024
2023-11-20,Mountain,11918,11689,2071,325,0.1772,0.0278
2023-11-20,West,16244,15969,2622,422,0.1642,0.0264
2023-11-27,Northeast,14994,14810,2210,355,0.1492,0.024
2023-11-27,Mid-Atlantic,15836,15510,2280,377,0.147,0.0243
2023-11-27,Southeast,12765,12518,2068,309,0.1652,0.0247
2023-11-27,Midwest,14666,14498,2207,373,0.1522,0.0257
2023-11-27,Mountain,11569,11345,1635,284,0.1441,0.025
2023-11-27,West,16502,16288,2660,353,0.1633,0.0217
2023-12-04,Northeast,12817,12335,1859,278,0.1507,0.0225
2023-12-04,Mid-Atlantic,13154,12652,2241,294,0.1771,0.0232
2023-12-04,Southeast,10797,10583,1675,214,0.1583,0.0202
2023-12-04,Midwest,11588,11291,1730,217,0.1532,0.0192
2023-12-04,Mountain,9111,8928,1512,164,0.1693,0.0184
2023-12-04,West,14897,14431,2315,276,0.1604,0.0191
2023-12-11,Northeast,13042,12599,2128,222,0.1689,0.0176
2023-12-11,Mid-Atlantic,12058,11861,2040,285,0.172,0.024
2023-12-11,Southeast,11571,11167,2142,238,0.1918,0.0213
2023-12-11,Midwest,12005,11868,2166,218,0.1825,0.0184
2023-12-11,Mountain,9585,9212,1499,169,0.1627,0.0183
2023-12-11,West,14325,13955,2330,239,0.167,0.0171
2023-12-18,Northeast,14023,13661,2638,270,0.1931,0.0198
2023-12-18,Mid-Atlantic,12448,12112,2196,276,0.1813,0.0228
2023-12-18,Southeast,11563,11389,2114,251,0.1856,0.022
2023-12-18,Midwest,11888,11753,2232,207,0.1899,0.0176
2023-12-18,Mountain,9440,9231,1722,155,0.1865,0.0168
2023-12-18,West,15141,14749,2987,320,0.2025,0.0217
2023-12-25,Northeast,17076,16739,3423,378,0.2045,0.0226
2023-12-25,Mid-Atlantic,15007,14512,3190,248,0.2198,0.0171
2023-12-25,Southeast,13662,13309,2849,299,0.2141,0.0225
2023-12-25,Midwest,14187,13755,2589,272,0.1882,0.0198
2023-12-25,Mountain,11524,11085,2453,241,0.2213,0.0217
2023-12-25,West,16891,16425,3505,340,0.2134,0.0207
2024-01-01,Northeast,10659,10400,2212,203,0.2127,0.0195
2024-01-01,Mid-Atlantic,9372,9267,1942,195,0.2096,0.021
2024-01-01,Southeast,8221,8049,1664,207,0.2067,0.0257
2024-01-01,Midwest,8986,8672,2000,179,0.2306,0.0206
2024-01-01,Mountain,7636,7361,1678,176,0.228,0.0239
2024-01-01,West,11700,11305,2433,294,0.2152,0.026
2024-01-08,Northeast,13421,13100,3126,322,0.2386,0.0246
2024-01-08,Mid-Atlantic,13405,12914,2952,328,0.2286,0.0254
2024-01-08,Southeast,11814,11662,2578,280,0.2211,0.024
2024-01-08,Midwest,11912,11599,2892,320,0.2493,0.0276
2024-01-08,Mountain,9230,8862,2113,238,0.2384,0.0269
2024-01-08,West,14768,14328,3449,335,0.2407,0.0234
2024-01-15,Northeast,10507,10378,2687,277,0.2589,0.0267
2024-01-15,Mid-Atlantic,9993,9738,2406,276,0.2471,0.0283
2024-01-15,Southeast,8833,8598,2109,259,0.2453,0.0301
2024-01-15,Midwest,8994,8635,2041,231,0.2364,0.0268
2024-01-15,Mountain,7948,7656,1745,245,0.2279,0.032
2024-01-15,West,10540,10142,2323,294,0.229,0.029
2024-01-22,Northeast,10879,10495,2532,325,0.2413,0.031
2024-01-22,Mid-Atlantic,9895,9641,2652,293,0.2751,0.0304
2024-01-22,Southeast,8515,8276,2263,245,0.2735,0.0296
2024-01-22,Midwest,9322,9042,2306,260,0.255,0.0287
2024-01-22,Mountain,8310,8120,2196,257,0.2705,0.0316
2024-01-22,West,10720,10342,2872,298,0.2777,0.0288
2024-01-29,Northeast,10749,10374,2782,352,0.2682,0.0339
2024-01-29,Mid-Atlantic,10072,9686,2449,308,0.2528,0.0318
2024-01-29,Southeast,9591,9305,2502,345,0.2689,0.0371
2024-01-29,Midwest,8898,8656,2322,279,0.2682,0.0322
2024-01-29,Mountain,8060,7917,2018,279,0.2549,0.0353
2024-01-29,West,11974,11814,3392,386,0.2871,0.0327
2024-02-05,Northeast,10699,10309,2997,387,0.2907,0.0375
2024-02-05,Mid-Atlantic,10106,9745,2732,379,0.2803,0.0389
2024-02-05,Southeast,8593,8368,2376,312,0.2839,0.0373
2024-02-05,Midwest,9683,9540,2790,313,0.2925,0.0328
2024-02-05,Mountain,8096,7797,2081,302,0.2669,0.0387
2024-02-05,West,11753,11352,3351,393,0.2952,0.0346
2024-02-12,Northeast,11459,11032,3283,375,0.2976,0.034
2024-02-12,Mid-Atlantic,9698,9403,2649,330,0.2817,0.0351
2024-02-12,Southeast,9590,9276,2756,370,0.2971,0.0399
2024-02-12,Midwest,9348,9106,2727,362,0.2995,0.0397
2024-02-12,Mountain,8063,7879,2066,309,0.2622,0.0392
2024-02-12,West,11085,10677,2876,394,0.2694,0.0369
2024-02-19,Northeast,11246,10829,3093,396,0.2856,0.0366
2024-02-19,Mid-Atlantic,10659,10518,2892,375,0.275,0.0357
2024-02-19,Southeast,9918,9719,2675,332,0.2752,0.0342
2024-02-19,Midwest,9283,9034,2561,339,0.2835,0.0375
2024-02-19,Mountain,8648,8422,2186,309,0.2596,0.0367
2024-02-19,West,11948,11809,3298,470,0.2793,0.0398
2024-02-26,Northeast,10668,10376,3024,369,0.2914,0.0356
2024-02-26,Mid-Atlantic,10597,10341,2844,345,0.275,0.0334
2024-02-26,Southeast,9485,9285,2407,357,0.2592,0.0384
2024-02-26,Midwest,9453,9196,2536,312,0.2758,0.0339
2024-02-26,Mountain,7848,7733,2218,294,0.2868,0.038
2024-02-26,West,12506,12013,3203,419,0.2666,0.0349
2024-03-04,Northeast,12610,12363,3547,401,0.2869,0.0324
2024-03-04,Mid-Atlantic,12279,11820,3391,413,0.2869,0.0349
2024-03-04,Southeast,10465,10166,2615,298,0.2572,0.0293
2024-03-04,Midwest,11091,10751,2845,343,0.2646,0.0319
2024-03-04,Mountain,9679,9432,2400,292,0.2544,0.031
2024-03-04,West,14050,13627,3719,443,0.2729,0.0325
2024-03-11,Northeast,15257,14766,3886,456,0.2632,0.0309
2024-03-11,Mid-Atlantic,14433,14213,3813,472,0.2683,0.0332
2024-03-11,Southeast,12457,12206,3039,328,0.249,0.0269
2024-03-11,Midwest,13135,12928,3277,356,0.2535,0.0275
2024-03-11,Mountain,11307,11109,3022,359,0.272,0.0323
2024-03-11,West,16716,16425,4272,540,0.2601,0.0329
2024-03-18,Northeast,17354,17031,3967,424,0.2329,0.0249
2024-03-18,Mid-Atlantic,15567,14991,3428,418,0.2287,0.0279
2024-03-18,Southeast,13552,13304,3514,321,0.2641,0.0241
2024-03-18,Midwest,13859,13605,3133,343,0.2303,0.0252
2024-03-18,Mountain,11419,10983,2538,312,0.2311,0.0284
2024-03-18,West,17465,17192,4348,476,0.2529,0.0277
2024-03-25,Northeast,12358,12095,2771,336,0.2291,0.0278
2024-03-25,Mid-Atlantic,12582,12098,2670,318,0.2207,0.0263
2024-03-25,Southeast,10908,10699,2565,309,0.2397,0.0289
2024-03-25,Midwest,11610,11283,2760,284,0.2446,0.0252
2024-03-25,Mountain,8835,8692,1977,254,0.2275,0.0292
2024-03-25,West,12996,12560,2811,290,0.2238,0.0231
2024-04-01,Northeast,12868,12422,2906,276,0.2339,0.0222
2024-04-01,Mid-Atlantic,12524,12187,2632,325,0.216,0.0267
2024-04-01,Southeast,10256,10022,2083,198,0.2078,0.0198
2024-04-01,Midwest,11671,11230,2395,234,0.2133,0.0208
2024-04-01,Mountain,10060,9744,2012,219,0.2065,0.0225
2024-04-01,West,14322,13865,3030,281,0.2185,0.0203
2024-04-08,Northeast,13033,12701,2456,243,0.1934,0.0191
2024-04-08,Mid-Atlantic,13254,12972,2441,275,0.1882,0.0212
2024-04-08,Southeast,10640,10216,2233,217,0.2186,0.0212
2024-04-08,Midwest,12223,12084,2284,288,0.189,0.0238
2024-04-08,Mountain,9126,8959,1724,195,0.1924,0.0218
2024-04-08,West,13900,13582,3023,250,0.2226,0.0184
2024-04-15,Northeast,13190,12732,2661,261,0.209,0.0205
2024-04-15,Mid-Atlantic,12124,11738,2177,272,0.1855,0.0232
2024-04-15,Southeast,11780,11631,2008,214,0.1726,0.0184
2024-04-15,Midwest,12157,11749,2169,216,0.1846,0.0184
2024-04-15,Mountain,9665,9385,1930,162,0.2056,0.0173
2024-04-15,West,13412,13121,2748,312,0.2094,0.0238
2024-04-22,Northeast,13014,12530,2118,217,0.169,0.0173
2024-04-22,Mid-Atlantic,12419,12218,2398,209,0.1963,0.0171
2024-04-22,Southeast,11014,10824,2004,249,0.1851,0.023
2024-04-22,Midwest,12469,12050,2094,224,0.1738,0.0186
2024-04-22,Mountain,10294,10089,1789,222,0.1773,0.022
2024-04-22,West,14023,13568,2385,301,0.1758,0.0222
2024-04-29,Northeast,13623,13241,2197,281,0.1659,0.0212
2024-04-29,Mid-Atlantic,12633,12471,2216,249,0.1777,0.02
2024-04-29,Southeast,12053,11914,2217,213,0.1861,0.0179
2024-04-29,Midwest,11753,11617,1817,200,0.1564,0.0172
2024-04-29,Mountain,10487,10123,1853,242,0.183,0.0239
2024-04-29,West,13869,13715,2159,298,0.1574,0.0217
2024-05-06,Northeast,13317,12853,2022,247,0.1573,0.0192
2024-05-06,Mid-Atlantic,12249,11869,1840,292,0.155,0.0246
2024-05-06,Southeast,10720,10571,1755,205,0.166,0.0194
2024-05-06,Midwest,12472,12175,1914,279,0.1572,0.0229
2024-05-06,Mountain,9425,9323,1530,237,0.1641,0.0254
2024-05-06,West,15250,15064,2430,334,0.1613,0.0222
2024-05-13,Northeast,14268,14106,2381,303,0.1688,0.0215
2024-05-13,Mid-Atlantic,13243,12986,1836,313,0.1414,0.0241
2024-05-13,Southeast,11792,11368,1720,257,0.1513,0.0226
2024-05-13,Midwest,12277,12106,1833,323,0.1514,0.0267
2024-05-13,Mountain,10164,9872,1639,232,0.166,0.0235
2024-05-13,West,14311,14146,2270,365,0.1605,0.0258
2024-05-20,Northeast,13256,12775,1907,408,0.1493,0.0319
2024-05-20,Mid-Atlantic,13217,12916,2312,369,0.179,0.0286
2024-05-20,Southeast,11995,11657,1922,328,0.1649,0.0281
2024-05-20,Midwest,12320,12127,2065,319,0.1703,0.0263
2024-05-20,Mountain,9764,9495,1399,273,0.1473,0.0287
2024-05-20,West,14687,14212,2494,384,0.1755,0.027
2024-05-27,Northeast,17746,17112,2986,517,0.1745,0.0302
2024-05-27,Mid-Atlantic,16185,15729,2658,495,0.169,0.0315
2024-05-27,Southeast,15342,14973,2667,422,0.1781,0.0282
2024-05-27,Midwest,15418,15170,2204,493,0.1453,0.0325
2024-05-27,Mountain,13668,13194,2411,391,0.1827,0.0296
2024-05-27,West,17923,17342,2596,557,0.1497,0.0321
2024-06-03,Northeast,12033,11758,2075,356,0.1765,0.0303
2024-06-03,Mid-Atlantic,12511,12354,2219,368,0.1796,0.0298
2024-06-03,Southeast,11223,10839,1649,358,0.1521,0.033
2024-06-03,Midwest,11578,11232,1830,355,0.1629,0.0316
2024-06-03,Mountain,9530,9290,1604,281,0.1727,0.0302
2024-06-03,West,13025,12526,2317,410,0.185,0.0327
2024-06-10,Northeast,12145,11871,2369,368,0.1996,0.031
2024-06-10,Mid-Atlantic,12107,11843,2330,392,0.1967,0.0331
2024-06-10,Southeast,10632,10478,2045,326,0.1952,0.0311
2024-06-10,Midwest,11281,10873,2145,350,0.1973,0.0322
2024-06-10,Mountain,8951,8594,1529,304,0.1779,0.0354
2024-06-10,West,13184,12742,2360,410,0.1852,0.0322
2024-06-17,Northeast,12245,12120,2263,389,0.1867,0.0321
2024-06-17,Mid-Atlantic,12558,12298,2172,405,0.1766,0.0329
2024-06-17,Southeast,10072,9846,1754,374,0.1781,0.038
2024-06-17,Midwest,10856,10634,2194,417,0.2063,0.0392
2024-06-17,Mountain,8922,8754,1555,328,0.1776,0.0375
2024-06-17,West,13322,13100,2528,459,0.193,0.035
2024-06-24,Northeast,13372,13236,2929,446,0.2213,0.0337
2024-06-24,Mid-Atlantic,11721,11328,2114,398,0.1866,0.0351
2024-06-24,Southeast,11210,11000,2211,411,0.201,0.0374
2024-06-24,Midwest,11227,10841,2344,346,0.2162,0.0319
2024-06-24,Mountain,9014,8902,1968,328,0.2211,0.0368
2024-06-24,West,14259,14035,3029,539,0.2158,0.0384
2024-07-01,Northeast,12642,12178,2789,451,0.229,0.037
2024-07-01,Mid-Atlantic,11606,11346,2346,429,0.2068,0.0378
2024-07-01,Southeast,10594,10190,2365,358,0.2321,0.0351
2024-07-01,Midwest,10857,10545,2526,337,0.2395,0.032
2024-07-01,Mountain,9073,8738,1986,308,0.2273,0.0353
2024-07-01,West,13872,13430,2944,453,0.2192,0.0337
2024-07-08,Northeast,12036,11598,2751,354,0.2372,0.0305
2024-07-08,Mid-Atlantic,12223,11846,2729,364,0.2304,0.0307
2024-07-08,Southeast,10649,10482,2274,330,0.2169,0.0315
2024-07-08,Midwest,11179,10910,2531,329,0.232,0.0302
2024-07-08,Mountain,9404,9310,2338,289,0.2511,0.031
2024-07-08,West,12942,12619,2849,445,0.2258,0.0353
2024-07-15,Northeast,11583,11160,2898,355,0.2597,0.0318
2024-07-15,Mid-Atlantic,11814,11366,2613,317,0.2299,0.0279
2024-07-15,Southeast,10532,10414,2541,360,0.244,0.0346
2024-07-15,Midwest,10203,10060,2553,330,0.2538,0.0328
2024-07-15,Mountain,9399,9215,2217,307,0.2406,0.0333
2024-07-15,West,13818,13328,3292,428,0.247,0.0321
2024-07-22,Northeast,11894,11681,2893,310,0.2477,0.0265
2024-07-22,Mid-Atlantic,11198,10770,2694,338,0.2501,0.0314
2024-07-22,Southeast,10808,10447,2659,280,0.2545,0.0268
2024-07-22,Midwest,10803,10612,2702,319,0.2546,0.0301
2024-07-22,Mountain,8663,8516,2103,221,0.247,0.026
2024-07-22,West,13308,13012,3267,312,0.2511,0.024
2024-07-29,Northeast,11372,11169,2955,273,0.2646,0.0244
2024-07-29,Mid-Atlantic,11597,11356,2832,242,0.2494,0.0213
2024-07-29,Southeast,9943,9766,2608,272,0.267,0.0279
2024-07-29,Midwest,9959,9848,2666,264,0.2707,0.0268
2024-07-29,Mountain,8732,8554,2136,206,0.2497,0.0241
2024-07-29,West,13124,12687,3203,308,0.2525,0.0243
2024-08-05,Northeast,16342,15849,4135,412,0.2609,0.026
2024-08-05,Mid-Atlantic,14047,13669,3518,357,0.2574,0.0261
2024-08-05,Southeast,12858,12723,3266,305,0.2567,0.024
2024-08-05,Midwest,13692,13549,3612,274,0.2666,0.0202
2024-08-05,Mountain,11476,11276,3120,291,0.2767,0.0258
2024-08-05,West,16435,15995,4674,307,0.2922,0.0192
2024-08-12,Northeast,13391,13013,3674,306,0.2823,0.0235
2024-08-12,Mid-Atlantic,13212,13029,3394,240,0.2605,0.0184
2024-08-12,Southeast,11380,11056,3066,223,0.2773,0.0202
2024-08-12,Midwest,12436,12223,3623,248,0.2964,0.0203
2024-08-12,Mountain,10181,10025,2626,173,0.2619,0.0173
2024-08-12,West,14226,14072,3712,242,0.2638,0.0172
2024-08-19,Northeast,11897,11731,3300,212,0.2813,0.0181
2024-08-19,Mid-Atlantic,11209,10832,3115,226,0.2876,0.0209
2024-08-19,Southeast,9612,9246,2741,203,0.2964,0.022
2024-08-19,Midwest,9986,9809,2546,182,0.2596,0.0186
2024-08-19,Mountain,8187,8021,2104,175,0.2623,0.0218
2024-08-19,West,12157,11809,3356,191,0.2842,0.0162
2024-08-26,Northeast,11878,11736,3435,221,0.2927,0.0188
2024-08-26,Mid-Atlantic,11332,11074,3082,247,0.2783,0.0223
2024-08-26,Southeast,9499,9292,2714,208,0.2921,0.0224
2024-08-26,Midwest,10346,10225,2776,177,0.2715,0.0173
2024-08-26,Mountain,8503,8173,2318,158,0.2836,0.0193
2024-08-26,West,12597,12417,3411,263,0.2747,0.0212
2024-09-02,Northeast,12363,12221,3144,253,0.2573,0.0207
2024-09-02,Mid-Atlantic,12063,11885,3425,286,0.2882,0.0241
2024-09-02,Southeast,10026,9897,2545,192,0.2571,0.0194
2024-09-02,Midwest,10903,10708,2914,202,0.2721,0.0189
2024-09-02,Mountain,8897,8787,2541,157,0.2892,0.0179
2024-09-02,West,13570,13151,3348,264,0.2546,0.0201
2024-09-09,Northeast,12259,12069,2969,314,0.246,0.026
2024-09-09,Mid-Atlantic,12288,11995,3222,272,0.2686,0.0227
2024-09-09,Southeast,10104,9728,2619,193,0.2692,0.0198
2024-09-09,Midwest,11079,10643,2753,218,0.2587,0.0205
2024-09-09,Mountain,8505,8399,2224,219,0.2648,0.0261
2024-09-09,West,13947,13544,3521,321,0.26,0.0237
2024-09-16,Northeast,12240,12074,2807,258,0.2325,0.0214
2024-09-16,Mid-Atlantic,11637,11482,2730,255,0.2378,0.0222
2024-09-16,Southeast,10433,10211,2524,251,0.2472,0.0246
2024-09-16,Midwest,10675,10306,2352,297,0.2282,0.0288
2024-09-16,Mountain,9276,8949,2328,242,0.2601,0.027
2024-09-16,West,13495,13095,3237,317,0.2472,0.0242
2024-09-23,Northeast,11632,11477,2637,364,0.2298,0.0317
2024-09-23,Mid-Atlantic,11060,10938,2437,325,0.2228,0.0297
2024-09-23,Southeast,10026,9668,2432,279,0.2516,0.0289
2024-09-23,Midwest,10543,10125,2187,249,0.216,0.0246
2024-09-23,Mountain,9302,9148,1984,221,0.2169,0.0242
2024-09-23,West,12121,11694,2879,348,0.2462,0.0298
2024-09-30,Northeast,12309,11901,2558,338,0.2149,0.0284
2024-09-30,Mid-Atlantic,11897,11746,2495,352,0.2124,0.03
2024-09-30,Southeast,10458,10215,2449,352,0.2397,0.0345
2024-09-30,Midwest,10993,10868,2594,351,0.2387,0.0323
2024-09-30,Mountain,8620,8353,1824,268,0.2184,0.0321
2024-09-30,West,12126,11649,2423,315,0.208,0.027
2024-10-07,Northeast,11092,10979,2388,405,0.2175,0.0369
2024-10-07,Mid-Atlantic,11754,11321,2519,392,0.2225,0.0346
2024-10-07,Southeast,9730,9557,2077,280,0.2173,0.0293
2024-10-07,Midwest,10090,9747,1996,313,0.2048,0.0321
2024-10-07,Mountain,8655,8480,1667,264,0.1966,0.0311
2024-10-07,West,12317,12106,2299,409,0.1899,0.0338
2024-10-14,Northeast,15289,15063,3061,496,0.2032,0.0329
2024-10-14,Mid-Atlantic,14805,14569,2587,492,0.1776,0.0338
2024-10-14,Southeast,12507,12137,2181,427,0.1797,0.0352
2024-10-14,Midwest,13615,13395,2678,435,0.1999,0.0325
2024-10-14,Mountain,10750,10470,1913,365,0.1827,0.0349
2024-10-14,West,15334,14857,2835,533,0.1908,0.0359
2024-10-21,Northeast,11902,11655,2043,445,0.1753,0.0382
2024-10-21,Mid-Atlantic,11451,11057,1971,408,0.1783,0.0369
2024-10-21,Southeast,10427,10164,1997,399,0.1965,0.0393
2024-10-21,Midwest,10262,10007,1672,351,0.1671,0.0351
2024-10-21,Mountain,8798,8562,1646,309,0.1923,0.0361
2024-10-21,West,12870,12597,2511,436,0.1993,0.0346
2024-10-28,Northeast,13653,13289,2449,431,0.1843,0.0324
2024-10-28,Mid-Atlantic,12271,12132,1958,389,0.1614,0.0321
2024-10-28,Southeast,11817,11676,1929,406,0.1652,0.0348
2024-10-28,Midwest,11853,11595,2121,435,0.1829,0.0375
2024-10-28,Mountain,10439,10302,1606,388,0.1559,0.0377
2024-10-28,West,15486,14883,2368,539,0.1591,0.0362
2024-11-04,Northeast,13837,13350,2251,494,0.1686,0.037
2024-11-04,Mid-Atlantic,12765,12274,2254,443,0.1836,0.0361
2024-11-04,Southeast,11257,11033,1834,381,0.1662,0.0345
2024-11-04,Midwest,11275,10853,1845,419,0.17,0.0386
2024-11-04,Mountain,9735,9557,1393,300,0.1458,0.0314
2024-11-04,West,13951,13767,2499,502,0.1815,0.0365
2024-11-11,Northeast,12559,12136,2123,442,0.1749,0.0364
2024-11-11,Mid-Atlantic,11713,11364,1793,335,0.1578,0.0295
2024-11-11,Southeast,10548,10360,1627,338,0.157,0.0326
2024-11-11,Midwest,11628,11471,2036,390,0.1775,0.034
2024-11-11,Mountain,8920,8805,1556,271,0.1767,0.0308
2024-11-11,West,13968,13816,1965,513,0.1422,0.0371
2024-11-18,Northeast,16821,16408,2489,443,0.1517,0.027
2024-11-18,Mid-Atlantic,16055,15580,2725,495,0.1749,0.0318
2024-11-18,Southeast,13401,13247,2194,388,0.1656,0.0293
2024-11-18,Midwest,14493,14278,2514,427,0.1761,0.0299
2024-11-18,Mountain,11619,11458,1825,393,0.1593,0.0343
2024-11-18,West,18840,18565,2993,644,0.1612,0.0347
2024-11-25,Northeast,16978,16736,3029,465,0.181,0.0278
2024-11-25,Mid-Atlantic,15824,15358,2631,402,0.1713,0.0262
2024-11-25,Southeast,13060,12676,2132,404,0.1682,0.0319
2024-11-25,Midwest,14270,14038,2402,385,0.1711,0.0274
2024-11-25,Mountain,13019,12801,2126,380,0.1661,0.0297
2024-11-25,West,17588,17223,2521,432,0.1464,0.0251
2024-12-02,Northeast,14115,13572,2079,346,0.1532,0.0255
2024-12-02,Mid-Atlantic,13186,12705,2410,338,0.1897,0.0266
2024-12-02,Southeast,11107,10982,1692,259,0.1541,0.0236
2024-12-02,Midwest,11654,11417,1840,300,0.1612,0.0263
2024-12-02,Mountain,10454,10119,1579,234,0.156,0.0231
2024-12-02,West,15288,15061,2390,431,0.1587,0.0286
2024-12-09,Northeast,14350,14051,2751,368,0.1958,0.0262
2024-12-09,Mid-Atlantic,12475,12147,2069,270,0.1703,0.0222
2024-12-09,Southeast,11106,10715,1921,279,0.1793,0.026
2024-12-09,Midwest,11925,11621,2222,221,0.1912,0.019
2024-12-09,Mountain,9867,9578,1609,204,0.168,0.0213
2024-12-09,West,14306,14106,2312,331,0.1639,0.0235
2024-12-16,Northeast,14417,13961,2893,285,0.2072,0.0204
2024-12-16,Mid-Atlantic,13495,13316,2481,262,0.1863,0.0197
2024-12-16,Southeast,11222,10787,2195,217,0.2035,0.0201
2024-12-16,Midwest,12377,11985,2441,210,0.2037,0.0175
2024-12-16,Mountain,10171,10008,2066,202,0.2064,0.0202
2024-12-16,West,14427,13974,2517,291,0.1801,0.0208
2024-12-23,Northeast,17283,16674,3520,377,0.2111,0.0226
2024-12-23,Mid-Atlantic,17603,17315,3608,348,0.2084,0.0201
2024-12-23,Southeast,15839,15368,3453,278,0.2247,0.0181
2024-12-23,Midwest,15733,15284,3072,309,0.201,0.0202
2024-12-23,Mountain,14356,14195,2835,247,0.1997,0.0174
2024-12-23,West,20237,19539,4054,322,0.2075,0.0165
2024-12-30,Northeast,13798,13358,3147,244,0.2356,0.0183
2024-12-30,Mid-Atlantic,13564,13077,2798,265,0.214,0.0203
2024-12-30,Southeast,12217,12050,2598,200,0.2156,0.0166
2024-12-30,Midwest,11817,11553,2571,207,0.2225,0.0179
2024-12-30,Mountain,10892,10615,2250,221,0.212,0.0208
2024-12-30,West,14273,14104,3130,307,0.2219,0.0218
2025-01-06,Northeast,11422,11200,2670,234,0.2384,0.0209
2025-01-06,Mid-Atlantic,9884,9574,2134,236,0.2229,0.0246
2025-01-06,Southeast,9298,9133,2317,160,0.2537,0.0175
2025-01-06,Midwest,9984,9782,2112,243,0.2159,0.0248
2025-01-06,Mountain,8586,8476,1847,166,0.2179,0.0196
2025-01-06,West,11028,10850,2331,188,0.2148,0.0173
2025-01-13,Northeast,12298,12123,3142,319,0.2592,0.0263
2025-01-13,Mid-Atlantic,13067,12922,3167,288,0.2451,0.0223
2025-01-13,Southeast,11638,11311,2859,247,0.2528,0.0218
2025-01-13,Midwest,11674,11265,2785,246,0.2472,0.0218
2025-01-13,Mountain,9339,9140,2342,189,0.2562,0.0207
2025-01-13,West,13852,13673,3519,287,0.2574,0.021
2025-01-20,Northeast,11189,10875,2843,274,0.2614,0.0252
2025-01-20,Mid-Atlantic,10968,10851,2829,281,0.2607,0.0259
2025-01-20,Southeast,8819,8639,2280,200,0.2639,0.0231
2025-01-20,Midwest,10133,9866,2577,253,0.2612,0.0256
2025-01-20,Mountain,8775,8447,2330,193,0.2758,0.0229
2025-01-20,West,11433,11022,2897,313,0.2628,0.0284
2025-01-27,Northeast,11079,10759,2871,299,0.2668,0.0278
2025-01-27,Mid-Atlantic,11445,11029,3004,353,0.2724,0.032
2025-01-27,Southeast,9417,9054,2541,273,0.2806,0.0302
2025-01-27,Midwest,9816,9576,2420,277,0.2527,0.0289
2025-01-27,Mountain,8365,8101,2127,224,0.2626,0.0277
2025-01-27,West,11960,11545,3071,363,0.266,0.0314
2025-02-03,Northeast,11131,11009,3073,305,0.2791,0.0277
2025-02-03,Mid-Atlantic,10350,9951,2670,294,0.2683,0.0295
2025-02-03,Southeast,9017,8784,2339,279,0.2663,0.0318
2025-02-03,Midwest,10098,9800,2512,286,0.2563,0.0292
2025-02-03,Mountain,7947,7843,2017,232,0.2572,0.0296
2025-02-03,West,12812,12623,3266,362,0.2587,0.0287
2025-02-10,Northeast,12489,12197,3408,371,0.2794,0.0304
2025-02-10,Mid-Atlantic,10884,10695,3203,361,0.2995,0.0338
2025-02-10,Southeast,10049,9731,2804,355,0.2881,0.0365
2025-02-10,Midwest,10225,9826,2697,304,0.2745,0.0309
2025-02-10,Mountain,8076,7875,2141,240,0.2719,0.0305
2025-02-10,West,12365,12241,3665,435,0.2994,0.0355
2025-02-17,Northeast,11260,10962,3180,377,0.2901,0.0344
2025-02-17,Mid-Atlantic,11381,10933,2883,420,0.2637,0.0384
2025-02-17,Southeast,10559,10399,2772,382,0.2666,0.0367
2025-02-17,Midwest,9857,9582,2559,302,0.2671,0.0315
2025-02-17,Mountain,8920,8777,2417,284,0.2754,0.0324
2025-02-17,West,12043,11622,3329,399,0.2864,0.0343
2025-02-24,Northeast,12601,12442,3246,457,0.2609,0.0367
2025-02-24,Mid-Atlantic,10763,10405,2872,394,0.276,0.0379
2025-02-24,Southeast,9838,9582,2671,374,0.2788,0.039
2025-02-24,Midwest,10533,10277,2879,329,0.2801,0.032
2025-02-24,Mountain,8613,8471,2485,319,0.2933,0.0377
2025-02-24,West,12453,12112,3173,431,0.262,0.0356
2025-03-03,Northeast,16409,16196,4664,551,0.288,0.034
2025-03-03,Mid-Atlantic,16127,15879,4273,524,0.2691,0.033
2025-03-03,Southeast,14387,14014,3651,469,0.2605,0.0335
2025-03-03,Midwest,14191,13977,4013,474,0.2871,0.0339
2025-03-03,Mountain,11540,11296,2842,392,0.2516,0.0347
2025-03-03,West,17326,16697,4198,665,0.2514,0.0398
2025-03-10,Northeast,13898,13688,3470,478,0.2535,0.0349
2025-03-10,Mid-Atlantic,13221,12973,3453,405,0.2662,0.0312
2025-03-10,Southeast,11694,11546,2778,406,0.2406,0.0352
2025-03-10,Midwest,11910,11644,3179,373,0.273,0.032
2025-03-10,Mountain,9842,9463,2332,365,0.2464,0.0386
2025-03-10,West,14309,14058,3768,537,0.268,0.0382
2025-03-17,Northeast,14192,13780,3475,510,0.2522,0.037
2025-03-17,Mid-Atlantic,11984,11693,2880,358,0.2463,0.0306
2025-03-17,Southeast,11228,11019,2934,391,0.2663,0.0355
2025-03-17,Midwest,11562,11102,2919,359,0.2629,0.0323
2025-03-17,Mountain,9767,9459,2510,295,0.2654,0.0312
2025-03-17,West,14273,13761,3275,500,0.238,0.0363
2025-03-24,Northeast,14316,13846,2999,404,0.2166,0.0292
2025-03-24,Mid-Atlantic,12623,12370,3105,428,0.251,0.0346
2025-03-24,Southeast,10709,10394,2382,302,0.2292,0.0291
2025-03-24,Midwest,12076,11749,2903,357,0.2471,0.0304
2025-03-24,Mountain,10007,9843,2140,293,0.2174,0.0298
2025-03-24,West,15232,14937,3564,494,0.2386,0.0331
2025-03-31,Northeast,16203,15777,3534,491,0.224,0.0311
2025-03-31,Mid-Atlantic,14826,14311,2997,395,0.2094,0.0276
2025-03-31,Southeast,12779,12426,2527,370,0.2034,0.0298
2025-03-31,Midwest,13600,13437,2824,341,0.2102,0.0254
2025-03-31,Mountain,12286,11890,2585,288,0.2174,0.0242
2025-03-31,West,16264,15776,3316,393,0.2102,0.0249
2025-04-07,Northeast,13179,12928,2761,337,0.2136,0.0261
2025-04-07,Mid-Atlantic,12962,12764,2780,350,0.2178,0.0274
2025-04-07,Southeast,10829,10693,2156,232,0.2016,0.0217
2025-04-07,Midwest,11412,11101,2300,301,0.2072,0.0271
2025-04-07,Mountain,10140,9837,2178,247,0.2214,0.0251
2025-04-07,West,15289,14780,3287,432,0.2224,0.0292
2025-04-14,Northeast,14456,13881,2848,332,0.2052,0.0239
2025-04-14,Mid-Atlantic,12892,12556,2540,254,0.2023,0.0202
2025-04-14,Southeast,11184,10979,2207,281,0.201,0.0256
2025-04-14,Midwest,12676,12500,2350,319,0.188,0.0255
2025-04-14,Mountain,9718,9388,1753,180,0.1867,0.0192
2025-04-14,West,14723,14319,2494,348,0.1742,0.0243
2025-04-21,Northeast,13914,13411,2508,268,0.187,0.02
2025-04-21,Mid-Atlantic,12823,12628,2353,311,0.1863,0.0246
2025-04-21,Southeast,12585,12444,2485,225,0.1997,0.0181
2025-04-21,Midwest,11634,11255,2224,251,0.1976,0.0223
2025-04-21,Mountain,10236,9975,1750,199,0.1754,0.0199
2025-04-21,West,15677,15274,2838,362,0.1858,0.0237
2025-04-28,Northeast,13730,13451,2475,238,0.184,0.0177
2025-04-28,Mid-Atlantic,12569,12232,2268,243,0.1854,0.0199
2025-04-28,Southeast,12553,12116,2059,218,0.1699,0.018
2025-04-28,Midwest,12640,12200,2065,281,0.1693,0.023
2025-04-28,Mountain,10109,9725,1503,217,0.1545,0.0223
2025-04-28,West,15333,14845,2412,349,0.1625,0.0235
2025-05-05,Northeast,14278,14102,2238,313,0.1587,0.0222
2025-05-05,Mid-Atlantic,12763,12319,1880,249,0.1526,0.0202
2025-05-05,Southeast,12501,12015,2180,279,0.1814,0.0232
2025-05-05,Midwest,13237,12950,2379,211,0.1837,0.0163
2025-05-05,Mountain,9918,9786,1503,236,0.1536,0.0241
2025-05-05,West,14515,14200,2597,249,0.1829,0.0175
2025-05-12,Northeast,17852,17652,2898,411,0.1642,0.0233
2025-05-12,Mid-Atlantic,18518,18097,2934,311,0.1621,0.0172
2025-05-12,Southeast,14880,14572,2267,284,0.1556,0.0195
2025-05-12,Midwest,16124,15903,2551,344,0.1604,0.0216
2025-05-12,Mountain,14436,14247,2438,261,0.1711,0.0183
2025-05-12,West,19802,19035,3327,350,0.1748,0.0184
2025-05-19,Northeast,15039,14757,2208,367,0.1496,0.0249
2025-05-19,Mid-Atlantic,13523,13359,2037,349,0.1525,0.0261
2025-05-19,Southeast,12723,12539,1912,252,0.1525,0.0201
2025-05-19,Midwest,11853,11717,1980,248,0.169,0.0212
2025-05-19,Mountain,10127,9940,1716,228,0.1726,0.0229
2025-05-19,West,14987,14801,2109,327,0.1425,0.0221
2025-05-26,Northeast,13668,13317,2099,284,0.1576,0.0213
2025-05-26,Mid-Atlantic,13329,12980,2056,374,0.1584,0.0288
2025-05-26,Southeast,11770,11470,1828,245,0.1594,0.0214
2025-05-26,Midwest,12213,11900,2148,306,0.1805,0.0257
2025-05-26,Mountain,10496,10219,1872,296,0.1832,0.029
2025-05-26,West,14875,14334,2404,371,0.1677,0.0259
2025-06-02,Northeast,12984,12705,2225,377,0.1751,0.0297
2025-06-02,Mid-Atlantic,13008,12799,2258,389,0.1764,0.0304
2025-06-02,Southeast,10493,10235,1879,314,0.1836,0.0307
2025-06-02,Midwest,12078,11617,2009,367,0.1729,0.0316
2025-06-02,Mountain,9135,8876,1565,231,0.1763,0.026
2025-06-02,West,14610,14393,2614,455,0.1816,0.0316
2025-06-09,Northeast,13047,12539,2322,364,0.1852,0.029
2025-06-09,Mid-Atlantic,12199,11760,2323,353,0.1975,0.03
2025-06-09,Southeast,10514,10188,1850,330,0.1816,0.0324
2025-06-09,Midwest,12159,11961,2274,362,0.1901,0.0303
2025-06-09,Mountain,9491,9277,1520,304,0.1638,0.0328
2025-06-09,West,13631,13248,2585,359,0.1951,0.0271
2025-06-16,Northeast,14997,14755,2691,505,0.1824,0.0342
2025-06-16,Mid-Atlantic,14984,14630,2551,538,0.1744,0.0368
2025-06-16,Southeast,14040,13577,2847,458,0.2097,0.0337
2025-06-16,Midwest,13276,12997,2519,465,0.1938,0.0358
2025-06-16,Mountain,11701,11271,2121,399,0.1882,0.0354
2025-06-16,West,17006,16475,3270,509,0.1985,0.0309
2025-06-23,Northeast,13838,13609,2850,509,0.2094,0.0374
2025-06-23,Mid-Atlantic,12332,12184,2701,435,0.2217,0.0357
2025-06-23,Southeast,10738,10549,1995,333,0.1891,0.0316
2025-06-23,Midwest,10767,10509,2233,336,0.2125,0.032
2025-06-23,Mountain,9304,8978,1789,322,0.1993,0.0359
2025-06-23,West,13977,13453,2995,444,0.2226,0.033
2025-06-30,Northeast,13641,13195,2873,435,0.2177,0.033
2025-06-30,Mid-Atlantic,13214,12765,2732,486,0.214,0.0381
2025-06-30,Southeast,10469,10140,2157,399,0.2127,0.0393
2025-06-30,Midwest,11662,11361,2534,415,0.223,0.0365
2025-06-30,Mountain,10217,9809,2129,313,0.217,0.0319
2025-06-30,West,13703,13270,2752,486,0.2074,0.0366
2025-07-07,Northeast,13728,13220,2981,435,0.2255,0.0329
2025-07-07,Mid-Atlantic,11932,11743,2744,444,0.2337,0.0378
2025-07-07,Southeast,11177,10950,2720,378,0.2484,0.0345
2025-07-07,Midwest,10639,10509,2344,376,0.223,0.0358
2025-07-07,Mountain,9170,8954,2201,308,0.2458,0.0344
2025-07-07,West,14084,13904,3523,457,0.2534,0.0329
2025-07-14,Northeast,12267,11886,2844,393,0.2393,0.0331
2025-07-14,Mid-Atlantic,11471,11290,2841,419,0.2516,0.0371
2025-07-14,Southeast,10771,10534,2695,382,0.2558,0.0363
2025-07-14,Midwest,11740,11421,3008,388,0.2634,0.034
2025-07-14,Mountain,9550,9225,2183,348,0.2366,0.0377
2025-07-14,West,12932,12422,2978,465,0.2397,0.0374
2025-07-21,Northeast,16068,15426,4068,489,0.2637,0.0317
2025-07-21,Mid-Atlantic,15650,15123,4227,476,0.2795,0.0315
2025-07-21,Southeast,13262,12973,3378,396,0.2604,0.0305
2025-07-21,Midwest,14204,14000,3466,409,0.2476,0.0292
2025-07-21,Mountain,12811,12391,3298,418,0.2662,0.0337
2025-07-21,West,16540,16234,3956,502,0.2437,0.0309
2025-07-28,Northeast,12252,11962,3231,325,0.2701,0.0272
2025-07-28,Mid-Atlantic,11486,11245,2892,342,0.2572,0.0304
2025-07-28,Southeast,10970,10796,2735,331,0.2533,0.0307
2025-07-28,Midwest,10401,10226,2608,314,0.255,0.0307
2025-07-28,Mountain,8773,8464,2410,235,0.2847,0.0278
2025-07-28,West,14178,13670,3531,403,0.2583,0.0295
2025-08-04,Northeast,12061,11886,3355,314,0.2823,0.0264
2025-08-04,Mid-Atlantic,12099,11826,3246,315,0.2745,0.0266
2025-08-04,Southeast,9883,9744,2661,242,0.2731,0.0248
2025-08-04,Midwest,11376,10925,2850,277,0.2609,0.0254
2025-08-04,Mountain,8739,8603,2422,274,0.2815,0.0319
2025-08-04,West,14192,14040,4013,395,0.2858,0.0281
2025-08-11,Northeast,12680,12277,3248,317,0.2646,0.0258
2025-08-11,Mid-Atlantic,12146,11755,3457,326,0.2941,0.0277
2025-08-11,Southeast,10575,10322,2708,250,0.2624,0.0242
2025-08-11,Midwest,10714,10337,2716,279,0.2627,0.027
2025-08-11,Mountain,8642,8554,2511,230,0.2936,0.0269
2025-08-11,West,12863,12590,3346,283,0.2658,0.0225
2025-08-18,Northeast,12449,12026,3371,297,0.2803,0.0247
2025-08-18,Mid-Atlantic,10990,10599,2967,227,0.2799,0.0214
2025-08-18,Southeast,10956,10635,2936,246,0.2761,0.0231
2025-08-18,Midwest,10486,10285,2975,228,0.2893,0.0222
2025-08-18,Mountain,9619,9280,2575,226,0.2775,0.0244
2025-08-18,West,12741,12541,3612,260,0.288,0.0207
2025-08-25,Northeast,11536,11223,2977,236,0.2653,0.021
2025-08-25,Mid-Atlantic,12320,11997,3239,295,0.27,0.0246
2025-08-25,Southeast,10086,9704,2694,194,0.2776,0.02
2025-08-25,Midwest,10113,9819,2599,230,0.2647,0.0234
2025-08-25,Mountain,9613,9318,2758,176,0.296,0.0189
2025-08-25,West,12713,12344,3286,252,0.2662,0.0204
2025-09-01,Northeast,16257,15746,4319,323,0.2743,0.0205
2025-09-01,Mid-Atlantic,15098,14556,4089,243,0.2809,0.0167
2025-09-01,Southeast,13549,13027,3546,307,0.2722,0.0236
2025-09-01,Midwest,12821,12376,3119,215,0.252,0.0174
2025-09-01,Mountain,10908,10700,2970,220,0.2776,0.0206
2025-09-01,West,17160,16646,4809,323,0.2889,0.0194
2025-09-08,Northeast,13215,12975,3363,241,0.2592,0.0186
2025-09-08,Mid-Atlantic,12978,12477,3223,258,0.2583,0.0207
2025-09-08,Southeast,11211,10957,2876,186,0.2625,0.017
2025-09-08,Midwest,11727,11401,2813,211,0.2467,0.0185
2025-09-08,Mountain,9045,8769,2221,166,0.2533,0.0189
2025-09-08,West,13495,13279,3206,293,0.2414,0.0221
2025-09-15,Northeast,13201,12890,3144,286,0.2439,0.0222
2025-09-15,Mid-Atlantic,12900,12593,3050,247,0.2422,0.0196
2025-09-15,Southeast,10422,10054,2328,192,0.2315,0.0191
2025-09-15,Midwest,11329,10985,2895,192,0.2635,0.0175
2025-09-15,Mountain,9729,9385,2469,164,0.2631,0.0175
2025-09-15,West,12719,12583,2939,235,0.2336,0.0187
2025-09-22,Northeast,12388,12172,2688,298,0.2208,0.0245
2025-09-22,Mid-Atlantic,11462,11224,2610,255,0.2325,0.0227
2025-09-22,Southeast,10878,10581,2570,280,0.2429,0.0265
2025-09-22,Midwest,11249,10812,2744,258,0.2538,0.0239
2025-09-22,Mountain,9580,9297,2250,248,0.242,0.0267
2025-09-22,West,13851,13305,3272,294,0.2459,0.0221
2025-09-29,Northeast,16725,16070,3225,424,0.2007,0.0264
2025-09-29,Mid-Atlantic,15508,15323,3635,385,0.2372,0.0251
2025-09-29,Southeast,12785,12432,2501,322,0.2012,0.0259
2025-09-29,Midwest,13562,13298,2731,371,0.2054,0.0279
2025-09-29,Mountain,11166,10888,2286,254,0.21,0.0233
2025-09-29,West,16127,15644,3384,435,0.2163,0.0278
2025-10-06,Northeast,12621,12239,2396,313,0.1958,0.0256
2025-10-06,Mid-Atlantic,11115,10837,2102,290,0.194,0.0268
2025-10-06,Southeast,10837,10418,2113,264,0.2028,0.0253
2025-10-06,Midwest,10933,10660,2374,336,0.2227,0.0315
2025-10-06,Mountain,9089,8833,1662,223,0.1882,0.0252
2025-10-06,West,13462,13184,2530,343,0.1919,0.026
2025-10-13,Northeast,11594,11368,2334,305,0.2053,0.0268
2025-10-13,Mid-Atlantic,11080,10845,2091,321,0.1928,0.0296
2025-10-13,Southeast,10674,10553,1826,293,0.173,0.0278
2025-10-13,Midwest,10400,10139,1831,298,0.1806,0.0294
2025-10-13,Mountain,9077,8945,1705,268,0.1906,0.03
2025-10-13,West,12445,12000,2106,400,0.1755,0.0333
2025-10-20,Northeast,12643,12351,2347,362,0.19,0.0293
2025-10-20,Mid-Atlantic,11517,11329,1986,383,0.1753,0.0338
2025-10-20,Southeast,10891,10771,2057,383,0.191,0.0356
2025-10-20,Midwest,10161,9917,1711,364,0.1725,0.0367
2025-10-20,Mountain,8847,8657,1437,296,0.166,0.0342
2025-10-20,West,12753,12579,2181,464,0.1734,0.0369
2025-10-27,Northeast,12873,12486,2181,432,0.1747,0.0346
2025-10-27,Mid-Atlantic,11587,11382,1978,354,0.1738,0.0311
2025-10-27,Southeast,10610,10244,1714,366,0.1673,0.0357
2025-10-27,Midwest,10517,10218,1806,372,0.1767,0.0364
2025-10-27,Mountain,8725,8506,1600,326,0.1881,0.0383
2025-10-27,West,13278,12989,2102,504,0.1618,0.0388
2025-11-03,Northeast,13765,13404,2169,449,0.1618,0.0335
2025-11-03,Mid-Atlantic,12136,11678,2045,443,0.1751,0.0379
2025-11-03,Southeast,12094,11763,1813,412,0.1541,0.035
2025-11-03,Midwest,11540,11111,1851,363,0.1666,0.0327
2025-11-03,Mountain,10454,10111,1843,333,0.1823,0.0329
2025-11-03,West,15167,14951,2528,556,0.1691,0.0372
2025-11-10,Northeast,13210,12864,1999,507,0.1554,0.0394
2025-11-10,Mid-Atlantic,13148,12724,2204,457,0.1732,0.0359
2025-11-10,Southeast,11013,10702,1916,379,0.179,0.0354
2025-11-10,Midwest,11708,11403,1683,398,0.1476,0.0349
2025-11-10,Mountain,9371,9236,1540,320,0.1667,0.0347
2025-11-10,West,14316,13748,2436,518,0.1772,0.0377
2025-11-17,Northeast,16098,15480,2494,546,0.1611,0.0353
2025-11-17,Mid-Atlantic,14982,14661,2394,535,0.1633,0.0365
2025-11-17,Southeast,13064,12878,2080,433,0.1615,0.0336
2025-11-17,Midwest,13280,12946,1890,466,0.146,0.036
2025-11-17,Mountain,11034,10882,1958,417,0.1799,0.0383
2025-11-17,West,16290,16027,2287,598,0.1427,0.0373
2025-11-24,Northeast,17840,17137,2980,572,0.1739,0.0334
2025-11-24,Mid-Atlantic,17291,16810,2910,602,0.1731,0.0358
2025-11-24,Southeast,15446,14870,2632,491,0.177,0.033
2025-11-24,Midwest,14461,14022,2424,446,0.1729,0.0318
2025-11-24,Mountain,12094,11933,2057,385,0.1724,0.0323
2025-11-24,West,17709,17023,2613,529,0.1535,0.0311
2025-12-01,Northeast,15157,14813,2275,406,0.1536,0.0274
2025-12-01,Mid-Atlantic,14392,13817,2262,435,0.1637,0.0315
2025-12-01,Southeast,12133,11821,1871,337,0.1583,0.0285
2025-12-01,Midwest,12807,12495,1942,370,0.1554,0.0296
2025-12-01,Mountain,11253,10868,1921,370,0.1768,0.034
2025-12-01,West,15217,14932,2800,515,0.1875,0.0345
2025-12-08,Northeast,18764,18277,3067,488,0.1678,0.0267
2025-12-08,Mid-Atlantic,18476,17998,3564,506,0.198,0.0281
2025-12-08,Southeast,15095,14792,2750,393,0.1859,0.0266
2025-12-08,Midwest,17258,17038,2903,515,0.1704,0.0302
2025-12-08,Mountain,14842,14344,2533,458,0.1766,0.0319
2025-12-08,West,20359,19788,3459,520,0.1748,0.0263
2025-12-15,Northeast,15661,15426,2825,417,0.1831,0.027
2025-12-15,Mid-Atlantic,14774,14398,2831,376,0.1966,0.0261
2025-12-15,Southeast,12340,11961,2417,334,0.2021,0.0279
2025-12-15,Midwest,12988,12680,2626,309,0.2071,0.0244
2025-12-15,Mountain,10385,10199,1887,218,0.185,0.0214
2025-12-15,West,15489,15175,3023,366,0.1992,0.0241
2025-12-22,Northeast,14668,14176,2770,343,0.1954,0.0242
2025-12-22,Mid-Atlantic,14014,13660,2582,337,0.189,0.0247
2025-12-22,Southeast,13177,12833,2624,302,0.2045,0.0235
2025-12-22,Midwest,12845,12444,2733,325,0.2196,0.0261
2025-12-22,Mountain,10962,10722,2230,280,0.208,0.0261
2025-12-22,West,16873,16675,3650,318,0.2189,0.0191
