week_start,geo,orders,net_revenue,average_order_value
2023-01-02,NE,466,55686.98,119.5
2023-01-02,MA,475,57866.26,121.82
2023-01-02,SE,397,48537.49,122.26
2023-01-02,MW,443,54346.66,122.68
2023-01-02,MT,338,40205.17,118.95
2023-01-02,WE,517,60056.49,116.16
2023-01-09,NE,464,54710.21,117.91
2023-01-09,MA,448,51778.19,115.58
2023-01-09,SE,414,51023.76,123.25
2023-01-09,MW,432,50537.25,116.98
2023-01-09,MT,380,45981.21,121.0
2023-01-09,WE,488,59392.43,121.71
2023-01-16,NE,496,59337.33,119.63
2023-01-16,MA,447,54450.11,121.81
2023-01-16,SE,398,47853.33,120.23
2023-01-16,MW,456,55120.48,120.88
2023-01-16,MT,330,38543.17,116.8
2023-01-16,WE,522,64211.82,123.01
2023-01-23,NE,582,71166.75,122.28
2023-01-23,MA,543,63713.78,117.34
2023-01-23,SE,495,60022.41,121.26
2023-01-23,MW,506,60506.46,119.58
2023-01-23,MT,441,53669.78,121.7
2023-01-23,WE,615,75170.03,122.23
2023-01-30,NE,470,57447.56,122.23
2023-01-30,MA,450,53815.65,119.59
2023-01-30,SE,408,50865.43,124.67
2023-01-30,MW,424,49998.08,117.92
2023-01-30,MT,353,43787.23,124.04
2023-01-30,WE,517,63676.33,123.17
2023-02-06,NE,500,62362.4,124.72
2023-02-06,MA,454,55740.83,122.78
2023-02-06,SE,403,49746.74,123.44
2023-02-06,MW,451,54517.63,120.88
2023-02-06,MT,349,41470.2,118.83
2023-02-06,WE,558,69647.81,124.82
2023-02-13,NE,506,61881.93,122.3
2023-02-13,MA,472,56525.64,119.76
2023-02-13,SE,429,52113.73,121.48
2023-02-13,MW,445,54229.05,121.86
2023-02-13,MT,361,44761.77,123.99
2023-02-13,WE,499,59382.62,119.0
2023-02-20,NE,574,71007.07,123.71
2023-02-20,MA,536,67576.6,126.08
2023-02-20,SE,491,61823.26,125.91
2023-02-20,MW,520,64114.95,123.3
2023-02-20,MT,413,50101.32,121.31
2023-02-20,WE,615,76093.41,123.73
2023-02-27,NE,514,64222.65,124.95
2023-02-27,MA,493,61664.42,125.08
2023-02-27,SE,447,53948.72,120.69
2023-02-27,MW,453,54389.37,120.06
2023-02-27,MT,369,44180.63,119.73
2023-02-27,WE,541,65925.64,121.86
2023-03-06,NE,578,70898.57,122.66
2023-03-06,MA,585,70618.93,120.72
2023-03-06,SE,487,61233.72,125.74
2023-03-06,MW,496,60281.75,121.54
2023-03-06,MT,450,53983.87,119.96
2023-03-06,WE,640,76836.19,120.06
2023-03-13,NE,592,69188.15,116.87
2023-03-13,MA,528,63966.38,121.15
2023-03-13,SE,500,59953.32,119.91
2023-03-13,MW,513,61024.58,118.96
2023-03-13,MT,441,52201.19,118.37
2023-03-13,WE,639,76971.65,120.46
2023-03-20,NE,602,73172.62,121.55
2023-03-20,MA,549,65464.75,119.24
2023-03-20,SE,518,63966.91,123.49
2023-03-20,MW,556,67638.61,121.65
2023-03-20,MT,414,48894.82,118.1
2023-03-20,WE,641,74720.88,116.57
2023-03-27,NE,612,73370.11,119.89
2023-03-27,MA,569,66467.1,116.81
2023-03-27,SE,501,59352.36,118.47
2023-03-27,MW,545,66787.07,122.55
2023-03-27,MT,473,56284.91,119.0
2023-03-27,WE,641,74895.02,116.84
2023-04-03,NE,749,86362.39,115.3
2023-04-03,MA,685,82212.28,120.02
2023-04-03,SE,617,72216.18,117.04
2023-04-03,MW,620,71489.17,115.31
2023-04-03,MT,560,64778.04,115.68
2023-04-03,WE,770,94216.54,122.36
2023-04-10,NE,637,73789.48,115.84
2023-04-10,MA,562,64438.54,114.66
2023-04-10,SE,524,60272.66,115.02
2023-04-10,MW,547,66244.51,121.11
2023-04-10,MT,447,54301.54,121.48
2023-04-10,WE,618,71215.82,115.24
2023-04-17,NE,610,73370.92,120.28
2023-04-17,MA,584,67299.22,115.24
2023-04-17,SE,530,60090.78,113.38
2023-04-17,MW,500,59587.92,119.18
2023-04-17,MT,459,52889.3,115.23
2023-04-17,WE,676,77251.59,114.28
2023-04-24,NE,599,68682.75,114.66
2023-04-24,MA,559,66007.7,118.08
2023-04-24,SE,545,62913.68,115.44
2023-04-24,MW,546,64905.7,118.87
2023-04-24,MT,490,55781.18,113.84
2023-04-24,WE,666,78546.31,117.94
2023-05-01,NE,637,71350.26,112.01
2023-05-01,MA,613,71930.93,117.34
2023-05-01,SE,582,67083.73,115.26
2023-05-01,MW,556,62720.03,112.81
2023-05-01,MT,473,55098.23,116.49
2023-05-01,WE,711,82037.44,115.38
2023-05-08,NE,652,72861.54,111.75
2023-05-08,MA,659,76964.31,116.79
2023-05-08,SE,588,66410.84,112.94
2023-05-08,MW,607,70922.58,116.84
2023-05-08,MT,507,59875.64,118.1
2023-05-08,WE,727,83579.35,114.96
2023-05-15,NE,588,69181.37,117.66
2023-05-15,MA,605,71424.14,118.06
2023-05-15,SE,566,64337.8,113.67
2023-05-15,MW,569,63302.77,111.25
2023-05-15,MT,494,54992.28,111.32
2023-05-15,WE,671,79093.49,117.87
2023-05-22,NE,648,72160.71,111.36
2023-05-22,MA,601,67763.09,112.75
2023-05-22,SE,559,65744.13,117.61
2023-05-22,MW,542,64263.31,118.57
2023-05-22,MT,456,52883.96,115.97
2023-05-22,WE,678,75699.3,111.65
2023-05-29,NE,636,75315.01,118.42
2023-05-29,MA,640,72845.7,113.82
2023-05-29,SE,531,59770.03,112.56
2023-05-29,MW,578,66876.47,115.7
2023-05-29,MT,468,53534.63,114.39
2023-05-29,WE,674,78885.97,117.04
2023-06-05,NE,625,73725.07,117.96
2023-06-05,MA,539,62402.94,115.78
2023-06-05,SE,521,58596.73,112.47
2023-06-05,MW,550,64383.55,117.06
2023-06-05,MT,434,49489.4,114.03
2023-06-05,WE,674,75835.97,112.52
2023-06-12,NE,762,86991.38,114.16
2023-06-12,MA,669,77758.69,116.23
2023-06-12,SE,600,72068.97,120.11
2023-06-12,MW,624,73994.8,118.58
2023-06-12,MT,536,61417.29,114.58
2023-06-12,WE,727,83306.23,114.59
2023-06-19,NE,598,68091.86,113.87
2023-06-19,MA,597,70069.14,117.37
2023-06-19,SE,494,58242.23,117.9
2023-06-19,MW,474,56418.22,119.03
2023-06-19,MT,433,52324.61,120.84
2023-06-19,WE,619,74195.74,119.86
2023-06-26,NE,539,63564.61,117.93
2023-06-26,MA,567,65125.27,114.86
2023-06-26,SE,514,60520.44,117.74
2023-06-26,MW,501,60662.13,121.08
2023-06-26,MT,444,53108.77,119.61
2023-06-26,WE,598,72554.75,121.33
2023-07-03,NE,585,68098.61,116.41
2023-07-03,MA,523,61780.9,118.13
2023-07-03,SE,455,52256.79,114.85
2023-07-03,MW,488,57217.84,117.25
2023-07-03,MT,462,55180.74,119.44
2023-07-03,WE,680,80004.67,117.65
2023-07-10,NE,581,69113.83,118.96
2023-07-10,MA,585,68998.79,117.95
2023-07-10,SE,540,63379.78,117.37
2023-07-10,MW,509,59221.95,116.35
2023-07-10,MT,433,51032.1,117.86
2023-07-10,WE,635,76389.58,120.3
2023-07-17,NE,551,68059.21,123.52
2023-07-17,MA,580,70469.99,121.5
2023-07-17,SE,479,57337.96,119.7
2023-07-17,MW,500,61023.85,122.05
2023-07-17,MT,425,52453.24,123.42
2023-07-17,WE,642,76999.25,119.94
2023-07-24,NE,606,71010.0,117.18
2023-07-24,MA,562,69648.49,123.93
2023-07-24,SE,528,64673.16,122.49
2023-07-24,MW,541,66640.87,123.18
2023-07-24,MT,493,57960.2,117.57
2023-07-24,WE,674,83689.79,124.17
2023-07-31,NE,562,67833.03,120.7
2023-07-31,MA,544,65612.23,120.61
2023-07-31,SE,492,58127.47,118.15
2023-07-31,MW,499,59286.57,118.81
2023-07-31,MT,444,52996.42,119.36
2023-07-31,WE,604,72617.86,120.23
2023-08-07,NE,566,69506.18,122.8
2023-08-07,MA,556,69784.37,125.51
2023-08-07,SE,488,58070.25,119.0
2023-08-07,MW,467,56496.31,120.98
2023-08-07,MT,406,51100.51,125.86
2023-08-07,WE,596,74400.2,124.83
2023-08-14,NE,573,70785.56,123.54
2023-08-14,MA,496,59721.13,120.41
2023-08-14,SE,466,58614.56,125.78
2023-08-14,MW,506,62693.91,123.9
2023-08-14,MT,420,50455.02,120.13
2023-08-14,WE,595,74446.37,125.12
2023-08-21,NE,667,78999.13,118.44
2023-08-21,MA,601,73405.69,122.14
2023-08-21,SE,547,65687.76,120.09
2023-08-21,MW,574,69384.34,120.88
2023-08-21,MT,485,59341.12,122.35
2023-08-21,WE,698,84584.05,121.18
2023-08-28,NE,550,66804.41,121.46
2023-08-28,MA,529,62898.8,118.9
2023-08-28,SE,483,59567.87,123.33
2023-08-28,MW,449,54092.24,120.47
2023-08-28,MT,405,48373.48,119.44
2023-08-28,WE,617,76359.22,123.76
2023-09-04,NE,585,70484.58,120.49
2023-09-04,MA,526,65392.25,124.32
2023-09-04,SE,493,59516.88,120.72
2023-09-04,MW,517,60647.63,117.31
2023-09-04,MT,434,53702.62,123.74
2023-09-04,WE,662,81715.2,123.44
2023-09-11,NE,592,70774.85,119.55
2023-09-11,MA,566,70344.88,124.28
2023-09-11,SE,469,58548.13,124.84
2023-09-11,MW,497,58219.2,117.14
2023-09-11,MT,422,52172.15,123.63
2023-09-11,WE,599,70125.96,117.07
2023-09-18,NE,573,70147.91,122.42
2023-09-18,MA,533,62424.92,117.12
2023-09-18,SE,470,54882.2,116.77
2023-09-18,MW,502,61854.27,123.22
2023-09-18,MT,433,53361.49,123.24
2023-09-18,WE,635,76199.21,120.0
2023-09-25,NE,590,69858.1,118.4
2023-09-25,MA,530,64618.59,121.92
2023-09-25,SE,441,50914.98,115.45
2023-09-25,MW,500,61029.84,122.06
2023-09-25,MT,423,49610.13,117.28
2023-09-25,WE,616,74769.4,121.38
2023-10-02,NE,556,67341.62,121.12
2023-10-02,MA,536,63832.21,119.09
2023-10-02,SE,489,58425.17,119.48
2023-10-02,MW,492,59224.36,120.37
2023-10-02,MT,393,47995.95,122.13
2023-10-02,WE,576,67162.43,116.6
2023-10-09,NE,621,71884.9,115.76
2023-10-09,MA,591,68669.8,116.19
2023-10-09,SE,527,60341.88,114.5
2023-10-09,MW,509,60696.07,119.25
2023-10-09,MT,468,56751.55,121.26
2023-10-09,WE,632,75697.22,119.77
2023-10-16,NE,531,60923.9,114.73
2023-10-16,MA,495,59198.03,119.59
2023-10-16,SE,443,51732.69,116.78
2023-10-16,MW,501,60125.86,120.01
2023-10-16,MT,399,47913.98,120.09
2023-10-16,WE,580,67254.65,115.96
2023-10-23,NE,574,67398.19,117.42
2023-10-23,MA,518,62188.42,120.05
2023-10-23,SE,447,50182.6,112.27
2023-10-23,MW,465,55400.55,119.14
2023-10-23,MT,383,45379.38,118.48
2023-10-23,WE,554,66555.04,120.14
2023-10-30,NE,654,76700.97,117.28
2023-10-30,MA,632,71335.11,112.87
2023-10-30,SE,556,64447.01,115.91
2023-10-30,MW,580,65469.45,112.88
2023-10-30,MT,455,50985.21,112.06
2023-10-30,WE,684,77420.37,113.19
2023-11-06,NE,603,70614.93,117.11
2023-11-06,MA,583,68835.48,118.07
2023-11-06,SE,518,61655.99,119.03
2023-11-06,MW,510,58557.11,114.82
2023-11-06,MT,452,50410.92,111.53
2023-11-06,WE,684,78977.5,115.46
2023-11-13,NE,614,71017.34,115.66
2023-11-13,MA,603,68772.8,114.05
2023-11-13,SE,528,62228.73,117.86
2023-11-13,MW,562,65214.13,116.04
2023-11-13,MT,458,53328.06,116.44
2023-11-13,WE,644,73448.33,114.05
2023-11-20,NE,732,85458.17,116.75
2023-11-20,MA,680,78261.6,115.09
2023-11-20,SE,641,75594.82,117.93
2023-11-20,MW,623,72070.23,115.68
2023-11-20,MT,504,57821.05,114.72
2023-11-20,WE,780,92604.99,118.72
2023-11-27,NE,728,85605.42,117.59
2023-11-27,MA,692,81536.58,117.83
2023-11-27,SE,626,72349.23,115.57
2023-11-27,MW,646,76885.23,119.02
2023-11-27,MT,517,59515.5,115.12
2023-11-27,WE,754,84506.38,112.08
2023-12-04,NE,664,77243.26,116.33
2023-12-04,MA,637,74631.37,117.16
2023-12-04,SE,561,65578.75,116.9
2023-12-04,MW,623,71481.77,114.74
2023-12-04,MT,484,54445.8,112.49
2023-12-04,WE,701,78522.99,112.02
2023-12-11,NE,648,74018.22,114.23
2023-12-11,MA,622,71214.45,114.49
2023-12-11,SE,535,62785.41,117.36
2023-12-11,MW,589,66110.48,112.24
2023-12-11,MT,474,53553.16,112.98
2023-12-11,WE,699,83096.23,118.88
2023-12-18,NE,656,77066.96,117.48
2023-12-18,MA,640,76633.36,119.74
2023-12-18,SE,576,66844.38,116.05
2023-12-18,MW,592,66849.54,112.92
2023-12-18,MT,518,59426.96,114.72
2023-12-18,WE,695,80488.52,115.81
2023-12-25,NE,755,90167.73,119.43
2023-12-25,MA,650,77285.09,118.9
2023-12-25,SE,592,68490.01,115.69
2023-12-25,MW,671,76965.57,114.7
2023-12-25,MT,547,64056.25,117.1
2023-12-25,WE,771,89725.56,116.38
2024-01-01,NE,525,61004.56,116.2
2024-01-01,MA,477,55349.41,116.04
2024-01-01,SE,427,49057.31,114.89
2024-01-01,MW,462,54830.71,118.68
2024-01-01,MT,381,44690.82,117.3
2024-01-01,WE,538,65952.61,122.59
2024-01-08,NE,620,75298.74,121.45
2024-01-08,MA,582,70998.4,121.99
2024-01-08,SE,516,63228.22,122.54
2024-01-08,MW,497,57591.49,115.88
2024-01-08,MT,412,49270.31,119.59
2024-01-08,WE,688,79670.09,115.8
2024-01-15,NE,508,63016.92,124.05
2024-01-15,MA,489,60264.56,123.24
2024-01-15,SE,439,52091.53,118.66
2024-01-15,MW,440,52727.15,119.83
2024-01-15,MT,378,46558.3,123.17
2024-01-15,WE,557,68531.11,123.04
2024-01-22,NE,512,60367.57,117.91
2024-01-22,MA,462,54302.36,117.54
2024-01-22,SE,468,56754.2,121.27
2024-01-22,MW,483,56671.18,117.33
2024-01-22,MT,364,44980.77,123.57
2024-01-22,WE,519,61557.13,118.61
2024-01-29,NE,505,60021.76,118.85
2024-01-29,MA,505,61333.8,121.45
2024-01-29,SE,464,58245.02,125.53
2024-01-29,MW,454,55682.06,122.65
2024-01-29,MT,397,49752.76,125.32
2024-01-29,WE,576,71483.98,124.1
2024-02-05,NE,541,63800.53,117.93
2024-02-05,MA,538,67020.58,124.57
2024-02-05,SE,439,53175.7,121.13
2024-02-05,MW,473,56606.31,119.68
2024-02-05,MT,378,45284.56,119.8
2024-02-05,WE,565,68310.59,120.9
2024-02-12,NE,559,70104.49,125.41
2024-02-12,MA,540,64109.79,118.72
2024-02-12,SE,464,57240.36,123.36
2024-02-12,MW,500,60363.17,120.73
2024-02-12,MT,405,50059.22,123.6
2024-02-12,WE,597,72029.09,120.65
2024-02-19,NE,568,67163.86,118.25
2024-02-19,MA,520,62753.47,120.68
2024-02-19,SE,469,56589.4,120.66
2024-02-19,MW,468,57601.41,123.08
2024-02-19,MT,401,49297.02,122.94
2024-02-19,WE,611,75951.32,124.31
2024-02-26,NE,578,69269.38,119.84
2024-02-26,MA,531,66749.4,125.71
2024-02-26,SE,454,56570.5,124.6
2024-02-26,MW,502,59093.82,117.72
2024-02-26,MT,423,53113.86,125.56
2024-02-26,WE,618,76944.96,124.51
2024-03-04,NE,633,79546.76,125.67
2024-03-04,MA,593,70374.26,118.67
2024-03-04,SE,544,65152.72,119.77
2024-03-04,MW,539,65486.54,121.5
2024-03-04,MT,443,53490.14,120.75
2024-03-04,WE,660,79230.93,120.05
2024-03-11,NE,687,80426.14,117.07
2024-03-11,MA,687,84515.89,123.02
2024-03-11,SE,543,67208.56,123.77
2024-03-11,MW,573,68401.39,119.37
2024-03-11,MT,498,61423.97,123.34
2024-03-11,WE,693,83058.6,119.85
2024-03-18,NE,740,91952.68,124.26
2024-03-18,MA,705,87574.81,124.22
2024-03-18,SE,633,74259.36,117.31
2024-03-18,MW,659,81570.29,123.78
2024-03-18,MT,560,66844.86,119.37
2024-03-18,WE,769,92687.34,120.53
2024-03-25,NE,633,75371.09,119.07
2024-03-25,MA,598,73182.87,122.38
2024-03-25,SE,532,62058.91,116.65
2024-03-25,MW,549,65484.19,119.28
2024-03-25,MT,461,56616.62,122.81
2024-03-25,WE,653,79011.19,121.0
2024-04-01,NE,629,74659.03,118.69
2024-04-01,MA,642,77443.56,120.63
2024-04-01,SE,528,63211.19,119.72
2024-04-01,MW,567,65033.34,114.7
2024-04-01,MT,489,58966.65,120.59
2024-04-01,WE,718,84651.83,117.9
2024-04-08,NE,664,79366.59,119.53
2024-04-08,MA,611,69817.95,114.27
2024-04-08,SE,543,63162.08,116.32
2024-04-08,MW,527,63294.59,120.1
2024-04-08,MT,498,57579.22,115.62
2024-04-08,WE,688,80754.19,117.38
2024-04-15,NE,668,79572.77,119.12
2024-04-15,MA,615,70287.62,114.29
2024-04-15,SE,529,60407.14,114.19
2024-04-15,MW,578,67548.34,116.87
2024-04-15,MT,496,56545.59,114.0
2024-04-15,WE,695,79037.94,113.72
2024-04-22,NE,665,76578.01,115.15
2024-04-22,MA,624,73622.91,117.99
2024-04-22,SE,574,64511.97,112.39
2024-04-22,MW,565,64527.49,114.21
2024-04-22,MT,494,59304.88,120.05
2024-04-22,WE,700,79912.72,114.16
2024-04-29,NE,684,80289.78,117.38
2024-04-29,MA,612,73083.55,119.42
2024-04-29,SE,562,63417.85,112.84
2024-04-29,MW,584,65934.78,112.9
2024-04-29,MT,515,61426.3,119.27
2024-04-29,WE,730,84881.39,116.28
2024-05-06,NE,644,75610.01,117.41
2024-05-06,MA,671,79783.13,118.9
2024-05-06,SE,528,60087.83,113.8
2024-05-06,MW,593,67154.76,113.25
2024-05-06,MT,501,56100.91,111.98
2024-05-06,WE,754,86341.08,114.51
2024-05-13,NE,717,83736.47,116.79
2024-05-13,MA,647,76059.53,117.56
2024-05-13,SE,543,64572.42,118.92
2024-05-13,MW,633,73826.96,116.63
2024-05-13,MT,520,58659.25,112.81
2024-05-13,WE,742,84680.29,114.12
2024-05-20,NE,697,78989.28,113.33
2024-05-20,MA,651,75865.72,116.54
2024-05-20,SE,540,63591.31,117.76
2024-05-20,MW,601,67115.12,111.67
2024-05-20,MT,471,53727.3,114.07
2024-05-20,WE,745,87051.43,116.85
2024-05-27,NE,826,98093.49,118.76
2024-05-27,MA,779,88938.36,114.17
2024-05-27,SE,681,77217.35,113.39
2024-05-27,MW,699,80089.36,114.58
2024-05-27,MT,543,63339.47,116.65
2024-05-27,WE,845,100165.56,118.54
2024-06-03,NE,627,70902.8,113.08
2024-06-03,MA,601,70016.12,116.5
2024-06-03,SE,489,54604.87,111.67
2024-06-03,MW,518,57928.83,111.83
2024-06-03,MT,462,55029.18,119.11
2024-06-03,WE,684,77167.41,112.82
2024-06-10,NE,663,76200.25,114.93
2024-06-10,MA,601,69958.52,116.4
2024-06-10,SE,550,62813.51,114.21
2024-06-10,MW,492,55642.15,113.09
2024-06-10,MT,484,56397.23,116.52
2024-06-10,WE,638,73984.79,115.96
2024-06-17,NE,594,69697.01,117.34
2024-06-17,MA,622,73889.92,118.79
2024-06-17,SE,537,63938.44,119.07
2024-06-17,MW,573,67446.75,117.71
2024-06-17,MT,466,55063.92,118.16
2024-06-17,WE,699,80683.8,115.43
2024-06-24,NE,615,70365.86,114.42
2024-06-24,MA,579,69686.6,120.36
2024-06-24,SE,532,62654.08,117.77
2024-06-24,MW,522,61851.69,118.49
2024-06-24,MT,467,55877.31,119.65
2024-06-24,WE,671,77997.46,116.24
2024-07-01,NE,653,76372.71,116.96
2024-07-01,MA,612,72296.87,118.13
2024-07-01,SE,510,59608.25,116.88
2024-07-01,MW,582,68542.79,117.77
2024-07-01,MT,460,54653.25,118.81
2024-07-01,WE,647,77721.38,120.13
2024-07-08,NE,618,72297.64,116.99
2024-07-08,MA,570,68824.91,120.75
2024-07-08,SE,522,63504.54,121.66
2024-07-08,MW,546,66757.75,122.27
2024-07-08,MT,468,56799.86,121.37
2024-07-08,WE,673,82429.26,122.48
2024-07-15,NE,606,71185.87,117.47
2024-07-15,MA,569,66909.2,117.59
2024-07-15,SE,536,66467.19,124.01
2024-07-15,MW,502,61983.51,123.47
2024-07-15,MT,441,53160.8,120.55
2024-07-15,WE,640,77118.49,120.5
2024-07-22,NE,614,71903.77,117.11
2024-07-22,MA,571,69503.54,121.72
2024-07-22,SE,493,60797.67,123.32
2024-07-22,MW,533,64751.83,121.49
2024-07-22,MT,411,50625.2,123.18
2024-07-22,WE,651,76667.85,117.77
2024-07-29,NE,597,70551.93,118.18
2024-07-29,MA,543,66976.22,123.34
2024-07-29,SE,486,58362.85,120.09
2024-07-29,MW,531,65231.55,122.85
2024-07-29,MT,470,57568.61,122.49
2024-07-29,WE,603,74669.09,123.83
2024-08-05,NE,716,87774.22,122.59
2024-08-05,MA,646,76621.69,118.61
2024-08-05,SE,565,67859.51,120.11
2024-08-05,MW,652,79155.96,121.4
2024-08-05,MT,503,61789.38,122.84
2024-08-05,WE,769,92863.74,120.76
2024-08-12,NE,653,80400.37,123.12
2024-08-12,MA,612,72901.19,119.12
2024-08-12,SE,568,69551.38,122.45
2024-08-12,MW,569,68848.11,121.0
2024-08-12,MT,479,56840.65,118.67
2024-08-12,WE,671,79569.24,118.58
2024-08-19,NE,540,67272.88,124.58
2024-08-19,MA,597,73481.0,123.08
2024-08-19,SE,488,59200.8,121.31
2024-08-19,MW,473,58150.52,122.94
2024-08-19,MT,441,53452.44,121.21
2024-08-19,WE,643,76960.45,119.69
2024-08-26,NE,543,67871.39,124.99
2024-08-26,MA,557,68306.72,122.63
2024-08-26,SE,488,59101.89,121.11
2024-08-26,MW,501,60744.07,121.25
2024-08-26,MT,432,52609.89,121.78
2024-08-26,WE,608,75578.65,124.31
2024-09-02,NE,616,72397.02,117.53
2024-09-02,MA,555,65344.81,117.74
2024-09-02,SE,514,61136.65,118.94
2024-09-02,MW,561,66386.76,118.34
2024-09-02,MT,451,54740.35,121.38
2024-09-02,WE,661,80318.17,121.51
2024-09-09,NE,626,76340.87,121.95
2024-09-09,MA,576,70088.14,121.68
2024-09-09,SE,459,55387.21,120.67
2024-09-09,MW,508,63466.98,124.94
2024-09-09,MT,448,53439.89,119.29
2024-09-09,WE,655,81837.0,124.94
2024-09-16,NE,570,66243.39,116.22
2024-09-16,MA,564,67302.55,119.33
2024-09-16,SE,480,57747.41,120.31
2024-09-16,MW,523,63619.45,121.64
2024-09-16,MT,507,61561.33,121.42
2024-09-16,WE,619,75463.71,121.91
2024-09-23,NE,614,72188.48,117.57
2024-09-23,MA,583,68276.21,117.11
2024-09-23,SE,521,62898.78,120.73
2024-09-23,MW,502,61039.77,121.59
2024-09-23,MT,456,54843.71,120.27
2024-09-23,WE,623,73619.74,118.17
2024-09-30,NE,578,69279.99,119.86
2024-09-30,MA,574,66625.52,116.07
2024-09-30,SE,470,57601.31,122.56
2024-09-30,MW,514,62234.06,121.08
2024-09-30,MT,449,54367.6,121.09
2024-09-30,WE,645,75868.02,117.62
2024-10-07,NE,585,70270.93,120.12
2024-10-07,MA,558,67316.17,120.64
2024-10-07,SE,479,55150.65,115.14
2024-10-07,MW,537,64762.72,120.6
2024-10-07,MT,451,54723.71,121.34
2024-10-07,WE,639,75733.61,118.52
2024-10-14,NE,671,78301.59,116.69
2024-10-14,MA,660,76801.31,116.37
2024-10-14,SE,580,66049.81,113.88
2024-10-14,MW,597,69272.52,116.03
2024-10-14,MT,482,58266.25,120.88
2024-10-14,WE,700,80027.55,114.33
2024-10-21,NE,595,71493.52,120.16
2024-10-21,MA,547,63029.01,115.23
2024-10-21,SE,497,58480.65,117.67
2024-10-21,MW,538,61844.67,114.95
2024-10-21,MT,404,46071.87,114.04
2024-10-21,WE,627,70579.57,112.57
2024-10-28,NE,640,73119.48,114.25
2024-10-28,MA,594,67504.55,113.64
2024-10-28,SE,533,59670.84,111.95
2024-10-28,MW,572,64201.71,112.24
2024-10-28,MT,449,52545.34,117.03
2024-10-28,WE,698,82619.8,118.37
2024-11-04,NE,649,75331.8,116.07
2024-11-04,MA,641,71922.42,112.2
2024-11-04,SE,540,62981.74,116.63
2024-11-04,MW,559,62516.51,111.84
2024-11-04,MT,452,52297.19,115.7
2024-11-04,WE,696,78357.79,112.58
2024-11-11,NE,652,76931.9,117.99
2024-11-11,MA,611,69948.4,114.48
2024-11-11,SE,550,62822.44,114.22
2024-11-11,MW,515,60717.15,117.9
2024-11-11,MT,454,52341.94,115.29
2024-11-11,WE,708,81902.02,115.68
2024-11-18,NE,731,85087.61,116.4
2024-11-18,MA,751,87127.5,116.02
2024-11-18,SE,619,71310.31,115.2
2024-11-18,MW,680,79265.46,116.57
2024-11-18,MT,573,64706.03,112.93
2024-11-18,WE,814,94891.69,116.57
2024-11-25,NE,770,85892.48,111.55
2024-11-25,MA,703,81066.16,115.31
2024-11-25,SE,610,70601.61,115.74
2024-11-25,MW,682,80627.28,118.22
2024-11-25,MT,569,64786.56,113.86
2024-11-25,WE,824,96189.97,116.74
2024-12-02,NE,723,81523.38,112.76
2024-12-02,MA,694,83025.87,119.63
2024-12-02,SE,595,67569.93,113.56
2024-12-02,MW,606,72112.91,119.0
2024-12-02,MT,523,59959.94,114.65
2024-12-02,WE,761,90609.46,119.07
2024-12-09,NE,734,83233.46,113.4
2024-12-09,MA,654,75923.74,116.09
2024-12-09,SE,609,72703.61,119.38
2024-12-09,MW,620,73484.96,118.52
2024-12-09,MT,499,56284.66,112.79
2024-12-09,WE,757,88871.09,117.4
2024-12-16,NE,703,82994.93,118.06
2024-12-16,MA,665,78104.62,117.45
2024-12-16,SE,583,69763.42,119.66
2024-12-16,MW,622,71659.28,115.21
2024-12-16,MT,520,59629.59,114.67
2024-12-16,WE,775,92703.87,119.62
2024-12-23,NE,833,101069.2,121.33
2024-12-23,MA,775,93058.9,120.08
2024-12-23,SE,693,79802.52,115.16
2024-12-23,MW,691,83115.52,120.28
2024-12-23,MT,610,71516.38,117.24
2024-12-23,WE,915,106150.51,116.01
2024-12-30,NE,694,80329.78,115.75
2024-12-30,MA,668,79959.23,119.7
2024-12-30,SE,567,68262.2,120.39
2024-12-30,MW,638,77353.62,121.24
2024-12-30,MT,536,63357.77,118.2
2024-12-30,WE,777,91219.55,117.4
2025-01-06,NE,567,68175.26,120.24
2025-01-06,MA,517,62278.87,120.46
2025-01-06,SE,496,59625.61,120.21
2025-01-06,MW,457,52691.73,115.3
2025-01-06,MT,432,52394.16,121.28
2025-01-06,WE,608,74395.8,122.36
2025-01-13,NE,589,69173.02,117.44
2025-01-13,MA,552,68595.24,124.27
2025-01-13,SE,502,62416.6,124.34
2025-01-13,MW,537,64546.76,120.2
2025-01-13,MT,445,51682.01,116.14
2025-01-13,WE,645,77571.46,120.27
2025-01-20,NE,586,69262.46,118.2
2025-01-20,MA,514,61199.84,119.07
2025-01-20,SE,475,56310.23,118.55
2025-01-20,MW,508,61203.2,120.48
2025-01-20,MT,405,49135.36,121.32
2025-01-20,WE,585,69514.55,118.83
2025-01-27,NE,608,73847.43,121.46
2025-01-27,MA,515,60724.67,117.91
2025-01-27,SE,470,58547.81,124.57
2025-01-27,MW,498,59264.02,119.0
2025-01-27,MT,435,53343.4,122.63
2025-01-27,WE,577,69404.09,120.28
2025-02-03,NE,562,68532.06,121.94
2025-02-03,MA,536,67301.23,125.56
2025-02-03,SE,491,61924.1,126.12
2025-02-03,MW,475,57011.93,120.03
2025-02-03,MT,421,52491.28,124.68
2025-02-03,WE,581,70321.52,121.04
2025-02-10,NE,565,66681.2,118.02
2025-02-10,MA,551,69469.91,126.08
2025-02-10,SE,470,57992.84,123.39
2025-02-10,MW,493,61233.08,124.21
2025-02-10,MT,425,50238.41,118.21
2025-02-10,WE,603,75956.17,125.96
2025-02-17,NE,609,76880.89,126.24
2025-02-17,MA,579,71793.51,124.0
2025-02-17,SE,450,53574.69,119.05
2025-02-17,MW,528,65730.13,124.49
2025-02-17,MT,451,53685.5,119.04
2025-02-17,WE,633,75533.78,119.33
2025-02-24,NE,617,77265.45,125.23
2025-02-24,MA,559,68756.41,123.0
2025-02-24,SE,541,67906.63,125.52
2025-02-24,MW,493,59108.27,119.9
2025-02-24,MT,420,52296.91,124.52
2025-02-24,WE,643,80573.61,125.31
2025-03-03,NE,728,89734.48,123.26
2025-03-03,MA,697,82353.06,118.15
2025-03-03,SE,674,84268.4,125.03
2025-03-03,MW,668,80021.11,119.79
2025-03-03,MT,545,66751.6,122.48
2025-03-03,WE,854,104263.13,122.09
2025-03-10,NE,677,82513.89,121.88
2025-03-10,MA,602,71254.3,118.36
2025-03-10,SE,546,65954.7,120.8
2025-03-10,MW,594,73457.52,123.67
2025-03-10,MT,496,59800.82,120.57
2025-03-10,WE,695,82065.51,118.08
2025-03-17,NE,657,81325.85,123.78
2025-03-17,MA,631,75230.26,119.22
2025-03-17,SE,543,63442.18,116.84
2025-03-17,MW,591,72143.98,122.07
2025-03-17,MT,500,59078.48,118.16
2025-03-17,WE,750,92936.62,123.92
2025-03-24,NE,663,81831.83,123.43
2025-03-24,MA,648,79513.66,122.71
2025-03-24,SE,590,68646.57,116.35
2025-03-24,MW,568,65738.74,115.74
2025-03-24,MT,454,54388.97,119.8
2025-03-24,WE,701,86263.83,123.06
2025-03-31,NE,736,85911.4,116.73
2025-03-31,MA,682,78164.5,114.61
2025-03-31,SE,601,73329.08,122.01
2025-03-31,MW,676,78685.42,116.4
2025-03-31,MT,559,64500.14,115.38
2025-03-31,WE,788,94875.68,120.4
2025-04-07,NE,680,77561.16,114.06
2025-04-07,MA,669,76304.43,114.06
2025-04-07,SE,578,70141.68,121.35
2025-04-07,MW,639,75768.43,118.57
2025-04-07,MT,517,60614.29,117.24
2025-04-07,WE,723,87935.63,121.63
2025-04-14,NE,650,75078.41,115.51
2025-04-14,MA,663,76426.76,115.27
2025-04-14,SE,577,66735.76,115.66
2025-04-14,MW,616,73979.75,120.1
2025-04-14,MT,473,55247.69,116.8
2025-04-14,WE,752,85308.55,113.44
2025-04-21,NE,710,84893.15,119.57
2025-04-21,MA,636,73307.23,115.26
2025-04-21,SE,612,69809.75,114.07
2025-04-21,MW,640,73402.45,114.69
2025-04-21,MT,508,59804.61,117.73
2025-04-21,WE,723,85591.13,118.38
2025-04-28,NE,719,85209.53,118.51
2025-04-28,MA,713,80518.96,112.93
2025-04-28,SE,616,70324.43,114.16
2025-04-28,MW,609,72191.86,118.54
2025-04-28,MT,491,58706.35,119.56
2025-04-28,WE,774,88390.01,114.2
2025-05-05,NE,735,84343.11,114.75
2025-05-05,MA,654,75609.42,115.61
2025-05-05,SE,621,72549.04,116.83
2025-05-05,MW,608,68947.89,113.4
2025-05-05,MT,513,59964.43,116.89
2025-05-05,WE,767,89621.78,116.85
2025-05-12,NE,849,96410.13,113.56
2025-05-12,MA,738,83102.16,112.6
2025-05-12,SE,700,82270.08,117.53
2025-05-12,MW,696,79521.07,114.25
2025-05-12,MT,597,67976.83,113.86
2025-05-12,WE,927,104133.58,112.33
2025-05-19,NE,717,84321.94,117.6
2025-05-19,MA,695,77365.76,111.32
2025-05-19,SE,637,72955.82,114.53
2025-05-19,MW,597,68782.03,115.21
2025-05-19,MT,539,62430.2,115.83
2025-05-19,WE,767,85376.74,111.31
2025-05-26,NE,743,88358.96,118.92
2025-05-26,MA,694,80370.35,115.81
2025-05-26,SE,621,71765.26,115.56
2025-05-26,MW,630,71754.51,113.9
2025-05-26,MT,539,61117.5,113.39
2025-05-26,WE,744,83203.89,111.83
2025-06-02,NE,668,75073.72,112.39
2025-06-02,MA,624,72952.89,116.91
2025-06-02,SE,538,64172.61,119.28
2025-06-02,MW,564,67080.79,118.94
2025-06-02,MT,498,55949.87,112.35
2025-06-02,WE,712,81164.65,114.0
2025-06-09,NE,691,77901.32,112.74
2025-06-09,MA,639,73626.42,115.22
2025-06-09,SE,549,61972.33,112.88
2025-06-09,MW,546,61557.99,112.74
2025-06-09,MT,513,60972.38,118.85
2025-06-09,WE,672,78827.67,117.3
2025-06-16,NE,729,84804.79,116.33
2025-06-16,MA,668,80317.72,120.24
2025-06-16,SE,590,71316.36,120.88
2025-06-16,MW,636,75152.93,118.16
2025-06-16,MT,527,60720.98,115.22
2025-06-16,WE,804,97244.81,120.95
2025-06-23,NE,676,81733.87,120.91
2025-06-23,MA,636,76194.72,119.8
2025-06-23,SE,530,60627.3,114.39
2025-06-23,MW,574,68426.25,119.21
2025-06-23,MT,474,54718.3,115.44
2025-06-23,WE,704,83807.07,119.04
2025-06-30,NE,656,79944.79,121.87
2025-06-30,MA,635,76531.51,120.52
2025-06-30,SE,540,65374.46,121.06
2025-06-30,MW,563,67202.0,119.36
2025-06-30,MT,506,58387.04,115.39
2025-06-30,WE,682,82332.02,120.72
2025-07-07,NE,639,76688.05,120.01
2025-07-07,MA,643,74514.27,115.89
2025-07-07,SE,544,66903.39,122.98
2025-07-07,MW,574,66403.74,115.69
2025-07-07,MT,454,55851.35,123.02
2025-07-07,WE,680,80204.87,117.95
2025-07-14,NE,644,75524.89,117.27
2025-07-14,MA,645,77825.7,120.66
2025-07-14,SE,576,68067.74,118.17
2025-07-14,MW,551,64427.8,116.93
2025-07-14,MT,456,54714.87,119.99
2025-07-14,WE,686,80620.02,117.52
2025-07-21,NE,771,90495.51,117.37
2025-07-21,MA,678,82259.47,121.33
2025-07-21,SE,614,74057.89,120.62
2025-07-21,MW,635,74420.66,117.2
2025-07-21,MT,558,67368.86,120.73
2025-07-21,WE,780,97479.52,124.97
2025-07-28,NE,648,78130.25,120.57
2025-07-28,MA,621,72904.95,117.4
2025-07-28,SE,524,65202.39,124.43
2025-07-28,MW,572,69988.86,122.36
2025-07-28,MT,443,53572.34,120.93
2025-07-28,WE,658,82410.56,125.24
2025-08-04,NE,625,74140.67,118.63
2025-08-04,MA,607,72589.28,119.59
2025-08-04,SE,540,64469.52,119.39
2025-08-04,MW,573,71520.5,124.82
2025-08-04,MT,455,56396.27,123.95
2025-08-04,WE,690,85926.65,124.53
2025-08-11,NE,642,79552.9,123.91
2025-08-11,MA,592,70299.51,118.75
2025-08-11,SE,506,61834.81,122.2
2025-08-11,MW,539,67582.14,125.38
2025-08-11,MT,481,56771.66,118.03
2025-08-11,WE,637,79208.44,124.35
2025-08-18,NE,617,73975.08,119.89
2025-08-18,MA,592,71194.2,120.26
2025-08-18,SE,541,64012.8,118.32
2025-08-18,MW,512,62199.77,121.48
2025-08-18,MT,462,54737.98,118.48
2025-08-18,WE,660,80735.21,122.33
2025-08-25,NE,602,75080.79,124.72
2025-08-25,MA,559,68793.08,123.06
2025-08-25,SE,492,59834.87,121.62
2025-08-25,MW,535,64404.73,120.38
2025-08-25,MT,445,55500.87,124.72
2025-08-25,WE,668,80534.3,120.56
2025-09-01,NE,694,85813.72,123.65
2025-09-01,MA,658,79475.34,120.78
2025-09-01,SE,576,68259.53,118.51
2025-09-01,MW,597,74747.07,125.2
2025-09-01,MT,487,57747.24,118.58
2025-09-01,WE,736,89172.38,121.16
2025-09-08,NE,623,76444.8,122.7
2025-09-08,MA,605,73169.43,120.94
2025-09-08,SE,557,67662.22,121.48
2025-09-08,MW,564,69099.9,122.52
2025-09-08,MT,449,54242.01,120.81
2025-09-08,WE,718,87319.7,121.62
2025-09-15,NE,641,77484.36,120.88
2025-09-15,MA,632,74121.98,117.28
2025-09-15,SE,526,61444.44,116.81
2025-09-15,MW,541,66680.12,123.25
2025-09-15,MT,441,54042.97,122.55
2025-09-15,WE,668,81837.66,122.51
2025-09-22,NE,644,75886.66,117.84
2025-09-22,MA,627,75379.02,120.22
2025-09-22,SE,540,66214.01,122.62
2025-09-22,MW,557,67172.83,120.6
2025-09-22,MT,428,52460.06,122.57
2025-09-22,WE,630,76940.93,122.13
2025-09-29,NE,745,90528.21,121.51
2025-09-29,MA,711,82255.88,115.69
2025-09-29,SE,637,73811.71,115.87
2025-09-29,MW,633,72867.73,115.11
2025-09-29,MT,544,62575.99,115.03
2025-09-29,WE,795,93754.89,117.93
2025-10-06,NE,646,78000.11,120.74
2025-10-06,MA,587,70448.65,120.01
2025-10-06,SE,529,62513.25,118.17
2025-10-06,MW,548,63191.45,115.31
2025-10-06,MT,455,54020.05,118.73
2025-10-06,WE,674,79052.26,117.29
2025-10-13,NE,590,68291.75,115.75
2025-10-13,MA,569,66875.64,117.53
2025-10-13,SE,503,60425.85,120.13
2025-10-13,MW,542,62466.04,115.25
2025-10-13,MT,436,49542.13,113.63
2025-10-13,WE,650,78069.72,120.11
2025-10-20,NE,619,70664.21,114.16
2025-10-20,MA,577,64895.89,112.47
2025-10-20,SE,505,59898.23,118.61
2025-10-20,MW,553,65155.98,117.82
2025-10-20,MT,417,49268.48,118.15
2025-10-20,WE,628,72237.73,115.03
2025-10-27,NE,612,69259.84,113.17
2025-10-27,MA,580,66904.64,115.35
2025-10-27,SE,496,57650.07,116.23
2025-10-27,MW,531,61075.53,115.02
2025-10-27,MT,464,53320.48,114.91
2025-10-27,WE,641,75284.54,117.45
2025-11-03,NE,662,77893.27,117.66
2025-11-03,MA,629,72669.56,115.53
2025-11-03,SE,573,67519.68,117.84
2025-11-03,MW,595,66242.39,111.33
2025-11-03,MT,495,58393.66,117.97
2025-11-03,WE,739,82965.08,112.27
2025-11-10,NE,680,76380.42,112.32
2025-11-10,MA,646,74074.79,114.67
2025-11-10,SE,556,64126.93,115.34
2025-11-10,MW,580,67270.91,115.98
2025-11-10,MT,489,56548.74,115.64
2025-11-10,WE,725,85935.62,118.53
2025-11-17,NE,759,89364.9,117.74
2025-11-17,MA,653,72735.82,111.39
2025-11-17,SE,582,65475.55,112.5
2025-11-17,MW,624,73006.86,117.0
2025-11-17,MT,533,61882.07,116.1
2025-11-17,WE,733,82735.06,112.87
2025-11-24,NE,779,92617.58,118.89
2025-11-24,MA,747,85614.8,114.61
2025-11-24,SE,661,74800.69,113.16
2025-11-24,MW,685,78389.56,114.44
2025-11-24,MT,570,67979.05,119.26
2025-11-24,WE,837,98367.22,117.52
2025-12-01,NE,730,82428.11,112.92
2025-12-01,MA,682,77277.86,113.31
2025-12-01,SE,627,72997.67,116.42
2025-12-01,MW,630,70874.66,112.5
2025-12-01,MT,501,56185.83,112.15
2025-12-01,WE,757,85510.22,112.96
2025-12-08,NE,860,99150.81,115.29
2025-12-08,MA,797,92070.53,115.52
2025-12-08,SE,718,86126.67,119.95
2025-12-08,MW,729,83934.99,115.14
2025-12-08,MT,597,70043.56,117.33
2025-12-08,WE,925,111090.38,120.1
2025-12-15,NE,729,87783.77,120.42
2025-12-15,MA,690,82659.26,119.8
2025-12-15,SE,631,75857.31,120.22
2025-12-15,MW,636,72694.75,114.3
2025-12-15,MT,566,67173.6,118.68
2025-12-15,WE,800,90927.98,113.66
2025-12-22,NE,722,82256.67,113.93
2025-12-22,MA,727,85238.65,117.25
2025-12-22,SE,612,70990.08,116.0
2025-12-22,MW,605,72104.71,119.18
2025-12-22,MT,534,61308.26,114.81
2025-12-22,WE,776,88293.7,113.78
