week_start_date,geo,sessions,users,organic_sessions,availability_searches,abandoned_reservations
2022-11-07,CO,17942,13400,2731,593,144
2022-11-07,UT,15522,11807,2433,673,254
2022-11-07,CA,19388,14133,2554,491,156
2022-11-07,PN,15954,12338,2239,603,205
2022-11-07,NE,13263,9120,1922,495,116
2022-11-14,CO,20115,15674,2506,701,155
2022-11-14,UT,17836,12390,2500,523,138
2022-11-14,CA,19321,14062,2701,552,133
2022-11-14,PN,14898,10474,2176,572,208
2022-11-14,NE,13481,10171,1839,458,170
2022-11-21,CO,28909,20866,3358,660,248
2022-11-21,UT,22453,15866,2951,557,143
2022-11-21,CA,23423,16876,3021,557,148
2022-11-21,PN,20770,15404,2839,659,249
2022-11-21,NE,19381,14873,2488,559,145
2022-11-28,CO,23387,16475,2761,754,220
2022-11-28,UT,20663,15092,2860,743,218
2022-11-28,CA,22350,16670,3016,567,214
2022-11-28,PN,20025,14202,2567,475,139
2022-11-28,NE,16601,12360,2223,431,96
2022-12-05,CO,19555,13991,2813,543,168
2022-12-05,UT,17654,13344,2774,629,154
2022-12-05,CA,19892,15282,3051,626,178
2022-12-05,PN,15649,10646,2359,492,127
2022-12-05,NE,15598,11197,2233,405,108
2022-12-12,CO,19813,15064,2963,612,173
2022-12-12,UT,18250,14165,2951,769,207
2022-12-12,CA,17614,12205,3023,651,199
2022-12-12,PN,16630,12067,2462,481,182
2022-12-12,NE,16606,12281,2479,636,185
2022-12-19,CO,22276,16239,3124,736,216
2022-12-19,UT,18879,12871,2603,638,165
2022-12-19,CA,19933,14917,2944,607,145
2022-12-19,PN,17041,12107,2511,597,218
2022-12-19,NE,15612,11308,2203,443,168
2022-12-26,CO,26007,17755,3381,792,180
2022-12-26,UT,20905,14475,2835,572,193
2022-12-26,CA,22688,17507,3237,808,237
2022-12-26,PN,20408,15740,2651,638,208
2022-12-26,NE,18166,12696,2395,611,182
2023-01-02,CO,34252,25652,3993,732,175
2023-01-02,UT,26869,20578,3281,828,256
2023-01-02,CA,26410,18299,3974,825,250
2023-01-02,PN,21231,14943,3204,756,226
2023-01-02,NE,21243,14887,2773,700,223
2023-01-09,CO,20560,14911,3157,624,152
2023-01-09,UT,19573,14580,3033,624,167
2023-01-09,CA,20031,14905,3404,757,171
2023-01-09,PN,18647,13702,2704,689,209
2023-01-09,NE,16655,11793,2378,585,203
2023-01-16,CO,25038,17289,3362,832,222
2023-01-16,UT,18346,13285,3245,614,206
2023-01-16,CA,20247,13957,3130,738,167
2023-01-16,PN,18630,14303,3040,682,225
2023-01-16,NE,15588,10787,2353,455,102
2023-01-23,CO,23416,15978,3576,819,206
2023-01-23,UT,22271,16493,3252,820,269
2023-01-23,CA,24285,17446,3296,849,190
2023-01-23,PN,22849,16547,3102,721,188
2023-01-23,NE,17431,11886,2810,750,166
2023-01-30,CO,21027,14495,3634,664,169
2023-01-30,UT,21190,16289,3186,787,273
2023-01-30,CA,20443,14204,3361,634,144
2023-01-30,PN,18228,12599,2888,747,280
2023-01-30,NE,18383,13608,2802,653,164
2023-02-06,CO,24765,18900,3560,683,163
2023-02-06,UT,22816,16088,3111,673,236
2023-02-06,CA,23329,17731,3280,716,230
2023-02-06,PN,19016,13180,2755,493,187
2023-02-06,NE,16555,11995,2395,628,167
2023-02-13,CO,28906,22251,3918,686,172
2023-02-13,UT,28951,20398,3583,913,303
2023-02-13,CA,29091,21204,3274,744,211
2023-02-13,PN,23803,17317,3112,754,220
2023-02-13,NE,22477,17528,2910,713,255
2023-02-20,CO,29849,21249,3582,841,241
2023-02-20,UT,24957,19175,3103,554,138
2023-02-20,CA,29195,21114,3774,946,228
2023-02-20,PN,21203,14484,3048,582,164
2023-02-20,NE,23591,18107,2999,527,185
2023-02-27,CO,24812,17329,3590,951,344
2023-02-27,UT,20730,15571,3013,562,207
2023-02-27,CA,21598,15900,3252,602,229
2023-02-27,PN,21470,15512,2660,627,237
2023-02-27,NE,18407,12868,2504,466,167
2023-03-06,CO,24568,16831,3507,829,285
2023-03-06,UT,22911,16634,3177,585,199
2023-03-06,CA,21272,14545,2955,549,176
2023-03-06,PN,20450,13956,2869,615,137
2023-03-06,NE,18897,13914,2486,528,185
2023-03-13,CO,24550,18101,3131,616,199
2023-03-13,UT,21795,16989,3116,561,212
2023-03-13,CA,21478,16461,2931,754,241
2023-03-13,PN,21935,15680,2681,600,202
2023-03-13,NE,16866,12882,2559,639,230
2023-03-20,CO,26084,19160,3107,710,180
2023-03-20,UT,20235,15648,2836,528,199
2023-03-20,CA,24079,17009,2999,781,262
2023-03-20,PN,21316,16098,3001,564,156
2023-03-20,NE,17418,12747,2468,457,143
2023-03-27,CO,26583,20385,3367,813,216
2023-03-27,UT,24952,17653,3205,799,180
2023-03-27,CA,26937,18802,3533,836,297
2023-03-27,PN,23505,16354,3152,592,156
2023-03-27,NE,22538,16377,2899,694,256
2023-04-03,CO,26350,19163,3488,762,265
2023-04-03,UT,21157,15451,2705,693,214
2023-04-03,CA,24132,18032,3303,685,242
2023-04-03,PN,18464,13114,2563,579,213
2023-04-03,NE,18920,14000,2512,458,165
2023-04-10,CO,26219,20225,3121,797,191
2023-04-10,UT,21857,16771,2792,714,237
2023-04-10,CA,23284,17837,2949,727,168
2023-04-10,PN,19514,14194,2601,623,185
2023-04-10,NE,17853,13606,2414,631,177
2023-04-17,CO,25038,18093,2985,766,194
2023-04-17,UT,20083,15076,2978,571,136
2023-04-17,CA,23842,16283,2862,567,160
2023-04-17,PN,18107,13448,2834,716,200
2023-04-17,NE,16701,12904,2468,682,178
2023-04-24,CO,21831,17017,3074,637,187
2023-04-24,UT,19865,15194,2677,603,162
2023-04-24,CA,22829,16256,3087,730,221
2023-04-24,PN,18845,14297,2467,458,146
2023-04-24,NE,17078,13169,2463,507,165
2023-05-01,CO,22205,16563,3268,767,247
2023-05-01,UT,21580,16104,2806,555,149
2023-05-01,CA,22070,16777,2790,569,187
2023-05-01,PN,18986,13349,2562,701,257
2023-05-01,NE,17891,13583,2478,605,178
2023-05-08,CO,21384,15659,3005,721,160
2023-05-08,UT,19850,14960,2674,562,209
2023-05-08,CA,21213,15958,3046,787,207
2023-05-08,PN,17243,11990,2380,541,120
2023-05-08,NE,16621,12642,2460,510,177
2023-05-15,CO,23660,18253,3124,632,191
2023-05-15,UT,21570,16090,2710,535,170
2023-05-15,CA,22066,15029,2998,810,250
2023-05-15,PN,20659,15580,2462,527,159
2023-05-15,NE,17086,12856,2166,499,169
2023-05-22,CO,22067,16615,3191,842,225
2023-05-22,UT,21214,16133,2526,553,194
2023-05-22,CA,18960,14371,2749,688,166
2023-05-22,PN,20798,15814,2693,575,144
2023-05-22,NE,15677,10744,2075,398,148
2023-05-29,CO,28481,20659,3140,597,134
2023-05-29,UT,21315,14989,2871,767,248
2023-05-29,CA,24925,18861,3110,582,185
2023-05-29,PN,20639,15660,2820,750,227
2023-05-29,NE,19112,13379,2175,429,147
2023-06-05,CO,23414,15928,3104,816,291
2023-06-05,UT,18680,13715,2462,463,119
2023-06-05,CA,18088,13054,2674,524,132
2023-06-05,PN,16701,11772,2540,685,163
2023-06-05,NE,14628,10900,2342,487,109
2023-06-12,CO,22199,15852,2882,581,187
2023-06-12,UT,19416,14179,2499,458,136
2023-06-12,CA,20290,14779,2540,639,202
2023-06-12,PN,16762,12556,2418,445,130
2023-06-12,NE,17544,13594,2214,586,187
2023-06-19,CO,22218,15257,2864,681,209
2023-06-19,UT,17404,13292,2456,569,185
2023-06-19,CA,20591,14151,2460,446,98
2023-06-19,PN,18053,13490,2283,619,142
2023-06-19,NE,14747,11369,2045,484,133
2023-06-26,CO,20509,14171,2589,621,149
2023-06-26,UT,19513,14106,2558,531,158
2023-06-26,CA,18796,13731,2483,562,154
2023-06-26,PN,16479,12242,2482,493,170
2023-06-26,NE,15755,11588,2001,475,172
2023-07-03,CO,20659,15470,2607,732,230
2023-07-03,UT,19337,14907,2537,691,159
2023-07-03,CA,19382,13563,2509,589,153
2023-07-03,PN,19062,14198,2238,536,120
2023-07-03,NE,16387,12188,1877,393,121
2023-07-10,CO,17751,12899,2553,532,140
2023-07-10,UT,19578,13791,2076,410,111
2023-07-10,CA,20159,14965,2393,690,231
2023-07-10,PN,17789,12399,2226,592,205
2023-07-10,NE,15419,10502,2013,568,148
2023-07-17,CO,22150,15915,2560,702,250
2023-07-17,UT,18696,13683,2143,506,159
2023-07-17,CA,19328,14165,2363,538,135
2023-07-17,PN,15840,11118,2119,517,190
2023-07-17,NE,13472,9178,1756,440,107
2023-07-24,CO,21062,15060,2631,651,181
2023-07-24,UT,16405,12057,2240,650,171
2023-07-24,CA,17613,12019,2201,503,126
2023-07-24,PN,15426,11328,2062,535,158
2023-07-24,NE,14147,9961,1717,441,110
2023-07-31,CO,17818,12895,2438,522,163
2023-07-31,UT,18460,13332,2298,444,114
2023-07-31,CA,18365,14317,2447,566,162
2023-07-31,PN,16131,11083,2056,452,164
2023-07-31,NE,13689,10159,1743,485,109
2023-08-07,CO,19354,13688,2552,664,240
2023-08-07,UT,15100,10511,2060,423,154
2023-08-07,CA,17413,12094,2203,474,137
2023-08-07,PN,15234,10973,1931,546,154
2023-08-07,NE,16034,10998,1821,519,174
2023-08-14,CO,17752,13127,2317,486,179
2023-08-14,UT,16428,12678,2192,588,196
2023-08-14,CA,16602,11452,2321,583,198
2023-08-14,PN,16823,11619,1884,460,138
2023-08-14,NE,13182,8986,1673,408,106
2023-08-21,CO,19919,14500,2473,522,125
2023-08-21,UT,15952,11441,2005,413,109
2023-08-21,CA,16025,10994,2278,597,193
2023-08-21,PN,14036,10042,2073,405,103
2023-08-21,NE,13010,10021,1730,403,132
2023-08-28,CO,19092,14763,2580,530,163
2023-08-28,UT,17193,12806,2020,381,143
2023-08-28,CA,16075,11311,2431,643,193
2023-08-28,PN,14110,10147,2099,461,165
2023-08-28,NE,14577,10278,1754,353,82
2023-09-04,CO,21544,16584,2521,579,128
2023-09-04,UT,19857,14027,2245,591,175
2023-09-04,CA,20808,15655,2429,668,192
2023-09-04,PN,19856,13685,2341,483,167
2023-09-04,NE,15204,11797,1825,344,77
2023-09-11,CO,18435,13668,2660,493,113
2023-09-11,UT,16249,11431,2401,645,238
2023-09-11,CA,19716,15174,2225,482,130
2023-09-11,PN,15991,11553,2079,378,92
2023-09-11,NE,14217,10666,1980,425,154
2023-09-18,CO,20521,15346,2362,627,187
2023-09-18,UT,15785,10827,2300,526,153
2023-09-18,CA,16435,11804,2368,501,178
2023-09-18,PN,15775,12160,2068,476,109
2023-09-18,NE,14757,11088,1872,360,103
2023-09-25,CO,19780,15285,2567,551,137
2023-09-25,UT,17446,13314,2367,563,159
2023-09-25,CA,17454,12657,2321,561,137
2023-09-25,PN,15223,11342,1994,391,99
2023-09-25,NE,15433,11733,1933,390,93
2023-10-02,CO,17854,12998,2579,464,156
2023-10-02,UT,15678,10877,2360,534,148
2023-10-02,CA,18771,14446,2214,412,103
2023-10-02,PN,14912,11232,2160,475,109
2023-10-02,NE,14714,10346,1985,375,90
2023-10-09,CO,19836,14027,2571,543,137
2023-10-09,UT,16415,11244,2188,540,134
2023-10-09,CA,17913,13266,2621,681,201
2023-10-09,PN,14270,9844,2064,551,162
2023-10-09,NE,13935,9909,1794,430,129
2023-10-16,CO,20049,15012,2624,552,189
2023-10-16,UT,17848,12195,2453,486,114
2023-10-16,CA,17134,13336,2380,581,156
2023-10-16,PN,16995,12596,2027,447,167
2023-10-16,NE,13699,10651,2032,411,124
2023-10-23,CO,19832,15206,2581,672,203
2023-10-23,UT,17514,12439,2644,572,145
2023-10-23,CA,17587,12010,2436,451,124
2023-10-23,PN,17009,12665,2403,573,162
2023-10-23,NE,16499,12069,2102,575,136
2023-10-30,CO,18899,13234,2734,687,228
2023-10-30,UT,17821,13354,2208,502,166
2023-10-30,CA,20255,14840,2757,534,132
2023-10-30,PN,15795,11752,2061,439,133
2023-10-30,NE,14856,11122,2017,412,153
2023-11-06,CO,22774,16228,2709,576,137
2023-11-06,UT,19050,13133,2425,589,139
2023-11-06,CA,19293,14094,2733,517,137
2023-11-06,PN,15703,11258,2419,556,161
2023-11-06,NE,15290,11433,2117,497,128
2023-11-13,CO,22498,17474,2821,511,142
2023-11-13,UT,17576,12320,2294,424,132
2023-11-13,CA,20752,14214,2801,527,134
2023-11-13,PN,17171,11778,2443,676,158
2023-11-13,NE,14258,10652,1928,510,146
2023-11-20,CO,29609,21145,3485,873,286
2023-11-20,UT,26563,18108,3128,821,240
2023-11-20,CA,27377,19888,3251,739,186
2023-11-20,PN,23858,16660,2946,734,220
2023-11-20,NE,20220,14934,2522,483,132
2023-11-27,CO,25852,18927,2934,656,211
2023-11-27,UT,21965,15450,2995,683,206
2023-11-27,CA,24131,16630,3034,715,251
2023-11-27,PN,21101,15640,2369,556,160
2023-11-27,NE,20866,14235,2195,604,220
2023-12-04,CO,24032,17283,3390,716,202
2023-12-04,UT,21216,16339,3012,603,193
2023-12-04,CA,23221,16180,3467,611,195
2023-12-04,PN,20960,14266,2875,605,170
2023-12-04,NE,18446,13237,2329,413,121
2023-12-11,CO,22261,15812,3249,699,205
2023-12-11,UT,21617,16375,2972,507,165
2023-12-11,CA,22075,16329,3067,547,140
2023-12-11,PN,19133,13492,2805,700,210
2023-12-11,NE,16739,12129,2216,410,99
2023-12-18,CO,22210,16840,3404,596,175
2023-12-18,UT,19500,14351,3063,612,138
2023-12-18,CA,20753,14221,3209,737,277
2023-12-18,PN,19186,14433,2554,454,165
2023-12-18,NE,16838,12394,2513,611,206
2023-12-25,CO,29731,22099,3331,596,132
2023-12-25,UT,26481,18132,3446,597,197
2023-12-25,CA,25874,17990,3653,855,287
2023-12-25,PN,27052,19121,2824,594,156
2023-12-25,NE,19815,13561,2671,593,216
2024-01-01,CO,30640,22112,4292,754,184
2024-01-01,UT,29209,21780,3328,622,154
2024-01-01,CA,29424,22234,3673,774,286
2024-01-01,PN,23417,16357,3466,678,201
2024-01-01,NE,23677,17064,2983,656,162
2024-01-08,CO,24789,17982,3303,627,149
2024-01-08,UT,20393,14983,3270,565,132
2024-01-08,CA,23933,17625,3093,754,217
2024-01-08,PN,19260,14554,2917,545,157
2024-01-08,NE,17230,11737,2571,657,166
2024-01-15,CO,24850,18875,3623,826,201
2024-01-15,UT,20923,14799,3197,710,228
2024-01-15,CA,22047,16281,3215,808,242
2024-01-15,PN,20961,15729,2868,571,184
2024-01-15,NE,18061,13700,2639,676,184
2024-01-22,CO,28583,19689,3306,811,289
2024-01-22,UT,22005,14990,3070,735,238
2024-01-22,CA,21952,16667,3211,606,189
2024-01-22,PN,20957,14915,2818,596,182
2024-01-22,NE,17828,12393,2628,648,146
2024-01-29,CO,24458,16806,3619,670,182
2024-01-29,UT,21418,15442,3207,720,188
2024-01-29,CA,25455,18353,3690,820,267
2024-01-29,PN,19568,14927,2956,778,214
2024-01-29,NE,17656,13482,2485,607,183
2024-02-05,CO,28651,21315,3783,763,176
2024-02-05,UT,23726,18308,3573,707,157
2024-02-05,CA,29643,21860,3971,1067,291
2024-02-05,PN,23323,17253,3123,622,223
2024-02-05,NE,20900,15122,3103,550,184
2024-02-12,CO,30940,22296,4195,1079,257
2024-02-12,UT,27336,20176,3232,694,191
2024-02-12,CA,31544,22831,3973,782,241
2024-02-12,PN,25059,19133,3061,585,156
2024-02-12,NE,21350,15378,3099,754,285
2024-02-19,CO,34026,23413,4232,993,245
2024-02-19,UT,29586,21089,3656,957,212
2024-02-19,CA,33277,25422,4051,1061,268
2024-02-19,PN,24541,18272,3425,797,279
2024-02-19,NE,25215,19035,3130,630,185
2024-02-26,CO,26013,19360,3885,729,253
2024-02-26,UT,22002,16634,3396,868,285
2024-02-26,CA,22243,15155,3419,809,242
2024-02-26,PN,20660,14666,3131,611,161
2024-02-26,NE,16612,12010,2680,512,183
2024-03-04,CO,26712,19084,3319,616,201
2024-03-04,UT,23205,17171,2887,616,157
2024-03-04,CA,24971,19365,3285,792,183
2024-03-04,PN,20862,16131,3057,775,179
2024-03-04,NE,19964,14415,2759,620,235
2024-03-11,CO,26143,18537,3750,805,286
2024-03-11,UT,23178,17754,3045,846,297
2024-03-11,CA,26038,20093,3335,896,224
2024-03-11,PN,22443,15793,3146,773,192
2024-03-11,NE,17012,13134,2739,736,202
2024-03-18,CO,26148,19605,3318,921,239
2024-03-18,UT,22110,16437,3096,702,230
2024-03-18,CA,24006,18612,3323,620,203
2024-03-18,PN,21343,16221,2997,782,235
2024-03-18,NE,17187,13392,2534,467,150
2024-03-25,CO,27354,21224,3302,699,185
2024-03-25,UT,23627,17968,2924,602,199
2024-03-25,CA,24423,18698,3567,968,339
2024-03-25,PN,19772,14244,2736,617,168
2024-03-25,NE,17782,12103,2800,729,227
2024-04-01,CO,25403,17346,3558,792,289
2024-04-01,UT,20803,14410,3287,642,153
2024-04-01,CA,26707,18880,3546,681,239
2024-04-01,PN,21160,14924,2962,590,213
2024-04-01,NE,19423,14074,2757,688,191
2024-04-08,CO,27921,21379,3417,747,218
2024-04-08,UT,21781,15864,3258,746,276
2024-04-08,CA,24424,16903,3508,777,246
2024-04-08,PN,19856,14990,3077,572,147
2024-04-08,NE,18252,13018,2626,651,182
2024-04-15,CO,22000,15123,3188,779,291
2024-04-15,UT,22899,17116,3032,563,164
2024-04-15,CA,25989,19236,3469,847,274
2024-04-15,PN,19677,14069,2651,524,126
2024-04-15,NE,21112,14570,2511,468,139
2024-04-22,CO,23189,17617,3488,762,170
2024-04-22,UT,21889,14896,2868,691,204
2024-04-22,CA,23638,16833,3058,555,127
2024-04-22,PN,20430,14644,2930,608,173
2024-04-22,NE,17307,11862,2462,528,176
2024-04-29,CO,27341,19129,3584,896,263
2024-04-29,UT,22465,15920,2993,634,142
2024-04-29,CA,23837,16724,3231,800,278
2024-04-29,PN,18806,14312,2759,502,152
2024-04-29,NE,17400,12859,2539,673,159
2024-05-06,CO,25878,18299,3186,703,155
2024-05-06,UT,22216,16041,2942,722,204
2024-05-06,CA,22661,15529,3102,773,190
2024-05-06,PN,21177,15558,2657,548,207
2024-05-06,NE,18084,13765,2565,535,197
2024-05-13,CO,22994,17194,3436,671,183
2024-05-13,UT,19665,14564,2852,725,164
2024-05-13,CA,23519,17910,3023,837,264
2024-05-13,PN,17837,12138,2846,700,231
2024-05-13,NE,15121,11087,2363,481,136
2024-05-20,CO,22468,17520,3163,658,195
2024-05-20,UT,19542,15187,2737,561,187
2024-05-20,CA,24006,17366,2890,802,261
2024-05-20,PN,21222,14532,2765,745,188
2024-05-20,NE,16924,11959,2208,584,135
2024-05-27,CO,28734,21500,3524,657,211
2024-05-27,UT,25000,18055,3162,619,165
2024-05-27,CA,24534,16790,2984,829,308
2024-05-27,PN,22394,17360,2870,623,174
2024-05-27,NE,21001,14818,2345,430,107
2024-06-03,CO,22458,16316,3265,718,249
2024-06-03,UT,21067,16251,2685,715,232
2024-06-03,CA,6907,4749,2863,634,218
2024-06-03,PN,19804,13518,2335,646,176
2024-06-03,NE,16529,12862,2124,406,110
2024-06-10,CO,20939,15590,3002,688,187
2024-06-10,UT,19586,14826,2841,656,213
2024-06-10,CA,7123,5110,2824,786,199
2024-06-10,PN,18380,13531,2409,568,144
2024-06-10,NE,16457,12479,2296,458,128
2024-06-17,CO,23211,17588,3290,742,179
2024-06-17,UT,21233,16168,3056,761,221
2024-06-17,CA,8104,5772,3222,785,262
2024-06-17,PN,18179,12911,2484,531,194
2024-06-17,NE,16928,12925,2441,547,158
2024-06-24,CO,21894,15642,2860,614,216
2024-06-24,UT,19159,14793,2641,524,179
2024-06-24,CA,20814,15886,2544,490,184
2024-06-24,PN,15789,11971,2358,468,136
2024-06-24,NE,15639,10761,2156,551,203
2024-07-01,CO,22172,16252,2788,564,167
2024-07-01,UT,19191,14962,2371,562,179
2024-07-01,CA,20735,14578,2535,569,191
2024-07-01,PN,18052,13608,2161,432,105
2024-07-01,NE,16446,12013,2105,427,104
2024-07-08,CO,21244,16458,2555,572,207
2024-07-08,UT,17952,13307,2498,650,222
2024-07-08,CA,20124,14577,2640,751,260
2024-07-08,PN,17463,13508,2381,683,233
2024-07-08,NE,15771,11959,2099,542,202
2024-07-15,CO,19926,15252,2698,777,219
2024-07-15,UT,16704,12200,2399,651,239
2024-07-15,CA,17523,13334,2519,644,209
2024-07-15,PN,16269,12417,2037,555,136
2024-07-15,NE,14777,10619,1829,391,114
2024-07-22,CO,19317,14263,2531,711,194
2024-07-22,UT,18916,13154,2195,593,137
2024-07-22,CA,19967,13901,2348,598,167
2024-07-22,PN,18262,13547,2289,607,158
2024-07-22,NE,14536,10844,1792,407,112
2024-07-29,CO,21091,15286,2448,687,229
2024-07-29,UT,17819,13305,2303,568,136
2024-07-29,CA,20211,13826,2395,530,139
2024-07-29,PN,16068,11132,2205,519,167
2024-07-29,NE,14361,10623,1797,516,138
2024-08-05,CO,20161,14179,2348,522,140
2024-08-05,UT,16601,11951,2128,509,184
2024-08-05,CA,17853,13723,2493,645,230
2024-08-05,PN,16689,11886,1966,450,166
2024-08-05,NE,14899,10408,1730,450,138
2024-08-12,CO,19292,14064,2733,603,202
2024-08-12,UT,18414,13710,2358,670,168
2024-08-12,CA,19108,13263,2485,600,170
2024-08-12,PN,15186,10554,2011,538,121
2024-08-12,NE,15113,11455,1868,465,139
2024-08-19,CO,18240,13237,2558,569,160
2024-08-19,UT,18164,12904,2093,405,143
2024-08-19,CA,18397,13830,2310,576,138
2024-08-19,PN,16102,12084,2034,474,171
2024-08-19,NE,13777,10427,1837,420,97
2024-08-26,CO,23656,17675,2735,806,236
2024-08-26,UT,19571,14367,2183,435,119
2024-08-26,CA,19477,14315,2396,623,218
2024-08-26,PN,17351,12586,2093,575,128
2024-08-26,NE,14488,10096,1867,469,122
2024-09-02,CO,22477,16657,2958,540,139
2024-09-02,UT,21230,15373,2648,618,229
2024-09-02,CA,19210,13180,2504,640,232
2024-09-02,PN,19115,13866,2260,532,151
2024-09-02,NE,18003,13299,2013,427,133
2024-09-09,CO,19975,14672,2579,708,248
2024-09-09,UT,18923,12998,2362,607,199
2024-09-09,CA,19463,13705,2601,673,175
2024-09-09,PN,16783,12399,2004,434,139
2024-09-09,NE,14076,10220,1879,492,141
2024-09-16,CO,19640,13763,2441,632,190
2024-09-16,UT,18613,12830,2160,431,130
2024-09-16,CA,19171,14220,2337,631,188
2024-09-16,PN,16872,12473,2291,468,122
2024-09-16,NE,14149,10976,1914,474,168
2024-09-23,CO,20557,14770,2489,606,212
2024-09-23,UT,17164,12347,2263,603,190
2024-09-23,CA,17904,13363,2451,661,162
2024-09-23,PN,15659,10823,2211,431,95
2024-09-23,NE,15561,11051,2049,432,104
2024-09-30,CO,19132,13077,2558,473,137
2024-09-30,UT,16851,12418,2426,538,132
2024-09-30,CA,18986,13435,2360,654,182
2024-09-30,PN,17478,12260,2296,527,121
2024-09-30,NE,13622,9829,1957,415,96
2024-10-07,CO,20647,15344,2868,646,233
2024-10-07,UT,17097,12742,2302,448,128
2024-10-07,CA,17519,12673,2542,633,159
2024-10-07,PN,16575,11799,2364,554,155
2024-10-07,NE,15004,10220,1974,437,119
2024-10-14,CO,22268,16307,2860,754,284
2024-10-14,UT,16363,11813,2400,631,171
2024-10-14,CA,19126,13952,2421,571,127
2024-10-14,PN,18599,13505,2376,528,159
2024-10-14,NE,15084,10692,2177,586,190
2024-10-21,CO,21852,15658,2713,658,203
2024-10-21,UT,20697,14453,2659,576,166
2024-10-21,CA,19078,13989,2612,511,184
2024-10-21,PN,17286,12060,2133,465,167
2024-10-21,NE,16660,12624,1998,453,172
2024-10-28,CO,19596,13363,2726,597,193
2024-10-28,UT,18951,14313,2723,614,208
2024-10-28,CA,20586,15747,2587,687,206
2024-10-28,PN,16549,11601,2156,419,115
2024-10-28,NE,14904,10307,2022,513,139
2024-11-04,CO,21526,15038,3085,661,219
2024-11-04,UT,18491,13732,2579,527,143
2024-11-04,CA,19555,14281,2552,613,193
2024-11-04,PN,18372,13951,2310,459,155
2024-11-04,NE,15992,11133,2211,435,143
2024-11-11,CO,22639,16705,2866,672,196
2024-11-11,UT,19701,15151,2689,536,192
2024-11-11,CA,19796,13523,2876,697,226
2024-11-11,PN,18895,13864,2341,471,145
2024-11-11,NE,16061,11536,2196,468,136
2024-11-18,CO,28593,20271,3756,862,231
2024-11-18,UT,23095,17784,3170,674,225
2024-11-18,CA,27704,20873,3547,768,177
2024-11-18,PN,25667,18104,2812,741,196
2024-11-18,NE,20675,15504,2644,545,156
2024-11-25,CO,29981,22007,3514,810,198
2024-11-25,UT,24090,18180,2716,627,154
2024-11-25,CA,22804,17326,2868,632,211
2024-11-25,PN,20595,14278,2573,483,159
2024-11-25,NE,20524,14703,2518,573,155
2024-12-02,CO,23659,18096,3529,633,154
2024-12-02,UT,22587,16874,2807,682,194
2024-12-02,CA,22891,17152,3285,848,304
2024-12-02,PN,18655,13076,2948,615,214
2024-12-02,NE,16547,12381,2386,512,121
2024-12-09,CO,23587,17268,3638,698,262
2024-12-09,UT,20725,15268,3224,711,218
2024-12-09,CA,22378,16038,3381,808,252
2024-12-09,PN,18916,14118,2688,715,205
2024-12-09,NE,17916,12907,2561,651,163
2024-12-16,CO,26665,18351,3879,929,321
2024-12-16,UT,21708,15987,3306,865,299
2024-12-16,CA,24503,18052,3353,892,267
2024-12-16,PN,20797,16126,2903,558,200
2024-12-16,NE,20999,16050,2952,663,173
2024-12-23,CO,29455,21010,3942,850,309
2024-12-23,UT,27207,19096,3091,636,173
2024-12-23,CA,30867,22832,3506,806,268
2024-12-23,PN,26939,18652,3349,639,201
2024-12-23,NE,21164,15737,2987,557,156
2024-12-30,CO,36270,25794,4403,1038,236
2024-12-30,UT,29602,23063,3553,876,314
2024-12-30,CA,32124,22150,4229,1005,252
2024-12-30,PN,25462,19028,3444,661,211
2024-12-30,NE,25528,19060,2904,726,220
2025-01-06,CO,32727,23079,3854,924,319
2025-01-06,UT,28055,19502,3440,703,178
2025-01-06,CA,29544,21964,3560,654,144
2025-01-06,PN,25605,19951,3126,670,233
2025-01-06,NE,19818,14649,2789,484,173
2025-01-13,CO,26618,19788,3831,703,220
2025-01-13,UT,22470,16147,3491,660,165
2025-01-13,CA,23164,16011,3540,765,213
2025-01-13,PN,21109,16165,3179,781,191
2025-01-13,NE,19495,14603,2577,502,184
2025-01-20,CO,24575,19017,3588,860,325
2025-01-20,UT,21297,15679,3434,628,159
2025-01-20,CA,23616,17943,3645,702,190
2025-01-20,PN,21579,14726,3084,573,173
2025-01-20,NE,20618,15445,2953,680,181
2025-01-27,CO,28249,19968,4012,743,164
2025-01-27,UT,21509,16356,3592,706,224
2025-01-27,CA,26827,19866,3834,735,231
2025-01-27,PN,20811,15933,3031,586,185
2025-01-27,NE,20825,14614,2878,686,239
2025-02-03,CO,25587,19375,4021,1052,371
2025-02-03,UT,23675,18110,3390,875,259
2025-02-03,CA,25481,18565,3693,632,184
2025-02-03,PN,20253,14967,3065,632,233
2025-02-03,NE,18504,13221,2619,524,180
2025-02-10,CO,27562,21454,3967,1025,387
2025-02-10,UT,23454,17454,3476,629,149
2025-02-10,CA,23680,16527,3820,812,265
2025-02-10,PN,20337,15502,3402,723,204
2025-02-10,NE,19835,14130,2874,531,121
2025-02-17,CO,35374,26380,4491,1107,300
2025-02-17,UT,30414,23310,3914,902,207
2025-02-17,CA,36634,25392,4361,998,316
2025-02-17,PN,31692,22776,3951,737,212
2025-02-17,NE,25715,19289,3397,873,243
2025-02-24,CO,28978,20000,3858,922,322
2025-02-24,UT,21438,14702,3184,743,244
2025-02-24,CA,25248,18692,3383,636,241
2025-02-24,PN,21494,15921,3189,690,247
2025-02-24,NE,18545,12724,2979,671,182
2025-03-03,CO,26360,20416,3955,717,202
2025-03-03,UT,22845,17516,3472,868,266
2025-03-03,CA,26491,20368,3730,824,254
2025-03-03,PN,22612,17602,3143,753,223
2025-03-03,NE,19592,14407,2873,546,187
2025-03-10,CO,25965,18765,3574,779,191
2025-03-10,UT,23921,16642,3521,804,257
2025-03-10,CA,28646,20168,3303,786,268
2025-03-10,PN,21670,15489,3056,587,189
2025-03-10,NE,19294,14623,2508,466,123
2025-03-17,CO,28954,19983,3738,1045,395
2025-03-17,UT,23930,16686,3278,663,177
2025-03-17,CA,26030,18033,3246,891,333
2025-03-17,PN,23078,15789,3134,838,204
2025-03-17,NE,19996,14354,2613,537,160
2025-03-24,CO,30114,21740,3791,720,228
2025-03-24,UT,23061,17340,3494,630,139
2025-03-24,CA,23757,17098,3329,868,217
2025-03-24,PN,20262,14945,2898,602,182
2025-03-24,NE,19643,13917,2815,735,196
2025-03-31,CO,28111,21567,3863,1072,376
2025-03-31,UT,23045,15989,3138,684,206
2025-03-31,CA,26732,18950,3403,918,207
2025-03-31,PN,21611,16319,3226,884,311
2025-03-31,NE,19251,13655,2886,627,220
2025-04-07,CO,24518,17429,3790,971,327
2025-04-07,UT,21722,16205,3203,890,213
2025-04-07,CA,26575,20277,3488,763,254
2025-04-07,PN,18640,13887,2763,572,210
2025-04-07,NE,18590,13204,2657,716,195
2025-04-14,CO,26415,19971,3736,722,166
2025-04-14,UT,23304,16076,3339,903,322
2025-04-14,CA,24775,17422,3177,780,228
2025-04-14,PN,20163,13848,2972,598,196
2025-04-14,NE,18696,12760,2508,468,151
2025-04-21,CO,26128,18127,3609,993,375
2025-04-21,UT,22089,16367,3182,754,231
2025-04-21,CA,26116,17928,3513,686,183
2025-04-21,PN,21348,15096,2783,742,182
2025-04-21,NE,18752,13677,2468,530,152
2025-04-28,CO,26060,19853,3740,994,376
2025-04-28,UT,22217,16314,3097,645,163
2025-04-28,CA,24464,17792,3220,585,176
2025-04-28,PN,22655,15881,2688,712,256
2025-04-28,NE,18036,13221,2602,512,157
2025-05-05,CO,26876,20832,3626,930,266
2025-05-05,UT,25168,17146,3252,902,218
2025-05-05,CA,22480,15825,3194,841,285
2025-05-05,PN,22706,15884,3012,776,209
2025-05-05,NE,19374,14539,2584,528,129
2025-05-12,CO,26079,18700,3171,751,172
2025-05-12,UT,20851,16005,2845,703,175
2025-05-12,CA,24492,16831,3346,894,311
2025-05-12,PN,20220,14460,2777,774,231
2025-05-12,NE,17904,13793,2596,674,254
2025-05-19,CO,27264,19209,3575,982,319
2025-05-19,UT,21693,15735,3039,666,180
2025-05-19,CA,22210,15143,3268,865,205
2025-05-19,PN,20494,14460,2856,700,171
2025-05-19,NE,17558,12301,2323,437,157
2025-05-26,CO,29286,21169,3502,898,213
2025-05-26,UT,25461,18064,3187,701,216
2025-05-26,CA,24934,17542,3005,827,236
2025-05-26,PN,25071,19034,2771,531,153
2025-05-26,NE,21193,14492,2557,689,217
2025-06-02,CO,27232,20488,3348,814,261
2025-06-02,UT,23482,16701,3077,575,133
2025-06-02,CA,27002,19674,3267,697,236
2025-06-02,PN,21750,15068,3050,655,235
2025-06-02,NE,17448,12025,2648,569,187
2025-06-09,CO,22263,16152,3292,874,308
2025-06-09,UT,20802,15523,2953,579,171
2025-06-09,CA,20714,15958,3086,560,179
2025-06-09,PN,19596,15056,2449,493,179
2025-06-09,NE,16856,12475,2433,607,135
2025-06-16,CO,23719,16395,2871,655,217
2025-06-16,UT,18860,13525,2853,710,262
2025-06-16,CA,22940,17542,3082,681,228
2025-06-16,PN,18359,13729,2705,555,186
2025-06-16,NE,16355,12505,2235,472,137
2025-06-23,CO,23036,17464,2820,741,236
2025-06-23,UT,20492,15836,2725,680,167
2025-06-23,CA,22616,15752,2752,741,256
2025-06-23,PN,18031,13486,2306,520,153
2025-06-23,NE,16993,11787,2187,611,211
2025-06-30,CO,22089,15130,2836,630,189
2025-06-30,UT,18477,12684,2670,663,235
2025-06-30,CA,20055,14557,2606,627,160
2025-06-30,PN,20123,13769,2665,547,131
2025-06-30,NE,16021,11945,2233,404,136
2025-07-07,CO,20234,14955,2956,802,223
2025-07-07,UT,18855,13689,2518,490,112
2025-07-07,CA,21393,15713,2547,753,180
2025-07-07,PN,17211,11863,2273,430,106
2025-07-07,NE,14986,11164,1910,371,95
2025-07-14,CO,22662,16414,2799,802,300
2025-07-14,UT,17922,13780,2324,540,156
2025-07-14,CA,21781,16711,2423,644,172
2025-07-14,PN,16079,12279,2189,595,192
2025-07-14,NE,15238,11381,1918,433,151
2025-07-21,CO,22305,15427,2460,610,208
2025-07-21,UT,20763,14992,2592,634,151
2025-07-21,CA,18725,13399,2374,597,155
2025-07-21,PN,17040,12475,2060,475,108
2025-07-21,NE,13971,9664,1897,499,131
2025-07-28,CO,20664,15788,2659,717,204
2025-07-28,UT,18396,13012,2320,554,175
2025-07-28,CA,19861,13671,2656,516,131
2025-07-28,PN,16995,11857,2145,479,160
2025-07-28,NE,14423,9822,1954,430,150
2025-08-04,CO,21413,16556,2644,561,162
2025-08-04,UT,17333,12660,2168,592,176
2025-08-04,CA,21239,16333,2456,662,232
2025-08-04,PN,15985,12316,2026,469,177
2025-08-04,NE,14466,10851,1988,559,162
2025-08-11,CO,23730,17651,2735,602,187
2025-08-11,UT,18835,13538,2394,521,183
2025-08-11,CA,19821,14477,2496,583,187
2025-08-11,PN,17757,12649,2115,490,131
2025-08-11,NE,16217,11353,2214,588,178
2025-08-18,CO,20529,14181,2584,735,166
2025-08-18,UT,17128,12894,2375,565,153
2025-08-18,CA,19157,13750,2503,682,240
2025-08-18,PN,17847,12839,2106,396,96
2025-08-18,NE,13517,9268,1857,535,148
2025-08-25,CO,21921,15913,2427,626,164
2025-08-25,UT,18749,13156,2172,608,168
2025-08-25,CA,20791,14138,2601,659,171
2025-08-25,PN,18308,13568,2327,483,149
2025-08-25,NE,14218,9974,1975,389,121
2025-09-01,CO,22891,17658,2885,595,162
2025-09-01,UT,22164,15326,2483,488,167
2025-09-01,CA,21113,16288,2886,624,184
2025-09-01,PN,20710,14640,2443,605,204
2025-09-01,NE,17013,11900,2180,428,95
2025-09-08,CO,20418,15653,2854,760,211
2025-09-08,UT,18516,13916,2500,663,214
2025-09-08,CA,19410,13202,2756,516,122
2025-09-08,PN,17668,12648,2328,613,156
2025-09-08,NE,14158,10538,1881,480,147
2025-09-15,CO,20922,15875,2639,572,155
2025-09-15,UT,20199,15098,2573,652,205
2025-09-15,CA,18925,13462,2830,567,186
2025-09-15,PN,15947,11471,2361,653,148
2025-09-15,NE,15999,12360,2164,502,147
2025-09-22,CO,21458,15480,2527,665,190
2025-09-22,UT,18362,13739,2294,463,141
2025-09-22,CA,20967,16084,2564,480,138
2025-09-22,PN,16365,11427,2288,422,154
2025-09-22,NE,14881,10370,2011,440,137
2025-09-29,CO,18556,13960,2798,556,130
2025-09-29,UT,17921,13306,2522,695,236
2025-09-29,CA,20007,14893,2418,556,151
2025-09-29,PN,18950,12982,2252,472,160
2025-09-29,NE,16566,11464,1919,497,144
2025-10-06,CO,20292,15342,2925,782,187
2025-10-06,UT,19057,13128,2607,526,144
2025-10-06,CA,19318,14531,2810,732,256
2025-10-06,PN,17871,12972,2388,539,205
2025-10-06,NE,14907,10251,2123,549,174
2025-10-13,CO,19840,13927,2614,513,171
2025-10-13,UT,18600,14127,2498,525,175
2025-10-13,CA,19657,14829,2734,723,250
2025-10-13,PN,19200,14076,2487,599,191
2025-10-13,NE,17355,11839,2239,485,126
2025-10-20,CO,21381,14548,3070,805,222
2025-10-20,UT,19107,14691,2686,718,213
2025-10-20,CA,19282,13254,2636,680,154
2025-10-20,PN,16667,12624,2300,560,126
2025-10-20,NE,15749,11410,2316,502,132
2025-10-27,CO,21390,15210,3064,793,275
2025-10-27,UT,20534,14622,2501,624,139
2025-10-27,CA,19370,14075,2745,507,117
2025-10-27,PN,17568,12715,2417,537,198
2025-10-27,NE,15601,10980,2112,545,190
