week_start,geo,send_count,delivered,open_rate,click_rate
2022-11-07,Colorado Rockies,4218,4125,0.1946,0.0238
2022-11-07,Utah Wasatch,3942,3801,0.1844,0.0214
2022-11-07,Northern California,4341,4206,0.1772,0.0229
2022-11-07,Pacific Northwest,3994,3842,0.1797,0.0248
2022-11-07,New England,3265,3160,0.1779,0.0208
2022-11-14,Colorado Rockies,4591,4528,0.2141,0.0228
2022-11-14,Utah Wasatch,3944,3895,0.2132,0.0234
2022-11-14,Northern California,4181,4108,0.2158,0.023
2022-11-14,Pacific Northwest,4014,3902,0.2073,0.0226
2022-11-14,New England,3392,3300,0.2169,0.0264
2022-11-21,Colorado Rockies,6081,5925,0.1956,0.0262
2022-11-21,Utah Wasatch,5813,5690,0.2002,0.0269
2022-11-21,Northern California,6396,6319,0.1954,0.0247
2022-11-21,Pacific Northwest,5353,5228,0.2165,0.0287
2022-11-21,New England,5149,5042,0.2179,0.025
2022-11-28,Colorado Rockies,5386,5197,0.2178,0.025
2022-11-28,Utah Wasatch,4475,4380,0.2061,0.0294
2022-11-28,Northern California,5094,4989,0.2099,0.0281
2022-11-28,Pacific Northwest,4430,4371,0.2414,0.0269
2022-11-28,New England,3568,3481,0.2137,0.0285
2022-12-05,Colorado Rockies,4569,4416,0.2242,0.0267
2022-12-05,Utah Wasatch,4445,4389,0.2477,0.0279
2022-12-05,Northern California,4846,4724,0.2452,0.0297
2022-12-05,Pacific Northwest,3877,3766,0.231,0.029
2022-12-05,New England,3461,3382,0.2125,0.028
2022-12-12,Colorado Rockies,4758,4601,0.2342,0.0282
2022-12-12,Utah Wasatch,4435,4305,0.2402,0.0261
2022-12-12,Northern California,4668,4574,0.237,0.0284
2022-12-12,Pacific Northwest,4232,4097,0.2433,0.0266
2022-12-12,New England,3937,3872,0.2274,0.0251
2022-12-19,Colorado Rockies,4758,4611,0.2215,0.0289
2022-12-19,Utah Wasatch,4464,4333,0.2329,0.0271
2022-12-19,Northern California,4731,4639,0.2496,0.0258
2022-12-19,Pacific Northwest,4297,4156,0.2516,0.0251
2022-12-19,New England,3970,3898,0.2451,0.0246
2022-12-26,Colorado Rockies,5276,5066,0.2429,0.0276
2022-12-26,Utah Wasatch,4666,4496,0.2452,0.0229
2022-12-26,Northern California,5475,5367,0.2389,0.0239
2022-12-26,Pacific Northwest,4419,4303,0.221,0.0276
2022-12-26,New England,4072,3969,0.2522,0.0239
2023-01-02,Colorado Rockies,7757,7511,0.2453,0.0262
2023-01-02,Utah Wasatch,6731,6555,0.2272,0.027
2023-01-02,Northern California,7249,7149,0.2404,0.0249
2023-01-02,Pacific Northwest,5773,5623,0.242,0.0257
2023-01-02,New England,5379,5170,0.2284,0.0256
2023-01-09,Colorado Rockies,5566,5436,0.219,0.0228
2023-01-09,Utah Wasatch,5041,4912,0.2509,0.0196
2023-01-09,Northern California,4854,4767,0.2407,0.0219
2023-01-09,Pacific Northwest,4714,4601,0.2429,0.0247
2023-01-09,New England,4278,4119,0.2202,0.0244
2023-01-16,Colorado Rockies,5585,5482,0.2294,0.0177
2023-01-16,Utah Wasatch,4519,4384,0.2161,0.0201
2023-01-16,Northern California,4843,4658,0.2363,0.0206
2023-01-16,Pacific Northwest,4486,4310,0.2317,0.0183
2023-01-16,New England,4054,3999,0.2213,0.0225
2023-01-23,Colorado Rockies,6955,6831,0.2166,0.0154
2023-01-23,Utah Wasatch,6023,5906,0.2176,0.0184
2023-01-23,Northern California,6242,6154,0.1942,0.0182
2023-01-23,Pacific Northwest,5803,5662,0.1946,0.0163
2023-01-23,New England,5457,5289,0.1994,0.0198
2023-01-30,Colorado Rockies,5585,5432,0.2189,0.0187
2023-01-30,Utah Wasatch,4680,4587,0.1979,0.0174
2023-01-30,Northern California,5015,4901,0.1933,0.0175
2023-01-30,Pacific Northwest,4924,4749,0.2057,0.0164
2023-01-30,New England,4391,4265,0.1906,0.0166
2023-02-06,Colorado Rockies,5797,5701,0.1932,0.0141
2023-02-06,Utah Wasatch,5252,5086,0.1915,0.0189
2023-02-06,Northern California,5676,5591,0.2009,0.0189
2023-02-06,Pacific Northwest,4909,4736,0.1879,0.0174
2023-02-06,New England,4076,3923,0.2033,0.0183
2023-02-13,Colorado Rockies,6336,6183,0.1639,0.0164
2023-02-13,Utah Wasatch,5095,5036,0.1765,0.0135
2023-02-13,Northern California,6119,6038,0.1727,0.0149
2023-02-13,Pacific Northwest,5190,4992,0.1884,0.0173
2023-02-13,New England,4275,4112,0.1743,0.0157
2023-02-20,Colorado Rockies,6362,6235,0.174,0.0174
2023-02-20,Utah Wasatch,5580,5380,0.1784,0.0141
2023-02-20,Northern California,5363,5305,0.1552,0.0161
2023-02-20,Pacific Northwest,5224,5093,0.1674,0.0168
2023-02-20,New England,4535,4437,0.1596,0.0146
2023-02-27,Colorado Rockies,5550,5356,0.1537,0.0155
2023-02-27,Utah Wasatch,4836,4649,0.1714,0.0188
2023-02-27,Northern California,5458,5386,0.1514,0.0186
2023-02-27,Pacific Northwest,4836,4748,0.1375,0.0189
2023-02-27,New England,4244,4197,0.1523,0.0177
2023-03-06,Colorado Rockies,5385,5188,0.1682,0.0224
2023-03-06,Utah Wasatch,5411,5337,0.1553,0.0214
2023-03-06,Northern California,5344,5216,0.1651,0.0182
2023-03-06,Pacific Northwest,5044,4927,0.1681,0.0188
2023-03-06,New England,4095,4039,0.1553,0.0217
2023-03-13,Colorado Rockies,5893,5745,0.156,0.021
2023-03-13,Utah Wasatch,5176,5047,0.1253,0.0237
2023-03-13,Northern California,5155,5080,0.1494,0.0211
2023-03-13,Pacific Northwest,4775,4675,0.1362,0.0203
2023-03-13,New England,4418,4373,0.1286,0.0193
2023-03-20,Colorado Rockies,5706,5498,0.1375,0.0213
2023-03-20,Utah Wasatch,5207,5051,0.154,0.0214
2023-03-20,Northern California,5324,5267,0.1258,0.0221
2023-03-20,Pacific Northwest,4638,4517,0.1217,0.022
2023-03-20,New England,4331,4245,0.1369,0.0242
2023-03-27,Colorado Rockies,7659,7368,0.1431,0.024
2023-03-27,Utah Wasatch,6796,6678,0.1509,0.024
2023-03-27,Northern California,7190,7026,0.1381,0.0269
2023-03-27,Pacific Northwest,6052,5900,0.139,0.0264
2023-03-27,New England,5759,5668,0.1462,0.0282
2023-04-03,Colorado Rockies,5621,5450,0.1525,0.0297
2023-04-03,Utah Wasatch,5339,5218,0.1482,0.0262
2023-04-03,Northern California,5368,5271,0.1347,0.0243
2023-04-03,Pacific Northwest,4705,4642,0.1617,0.0296
2023-04-03,New England,4499,4392,0.1485,0.0262
2023-04-10,Colorado Rockies,5250,5060,0.142,0.0267
2023-04-10,Utah Wasatch,4940,4842,0.1642,0.0272
2023-04-10,Northern California,5008,4901,0.1495,0.0262
2023-04-10,Pacific Northwest,4954,4836,0.1309,0.0279
2023-04-10,New England,4250,4094,0.1554,0.03
2023-04-17,Colorado Rockies,5202,5055,0.1745,0.0299
2023-04-17,Utah Wasatch,4996,4823,0.1652,0.0269
2023-04-17,Northern California,5347,5225,0.1597,0.0255
2023-04-17,Pacific Northwest,4536,4363,0.1731,0.0275
2023-04-17,New England,3998,3844,0.1768,0.0309
2023-04-24,Colorado Rockies,5810,5724,0.1785,0.025
2023-04-24,Utah Wasatch,4746,4649,0.1676,0.0253
2023-04-24,Northern California,5236,5032,0.1787,0.0249
2023-04-24,Pacific Northwest,4516,4454,0.177,0.027
2023-04-24,New England,4279,4174,0.1819,0.029
2023-05-01,Colorado Rockies,5278,5128,0.1859,0.0242
2023-05-01,Utah Wasatch,4855,4683,0.1586,0.0284
2023-05-01,Northern California,5301,5201,0.1644,0.025
2023-05-01,Pacific Northwest,4416,4254,0.1623,0.027
2023-05-01,New England,4117,4060,0.1643,0.0262
2023-05-08,Colorado Rockies,5657,5495,0.1769,0.0266
2023-05-08,Utah Wasatch,4809,4716,0.1967,0.0244
2023-05-08,Northern California,4959,4825,0.1997,0.0263
2023-05-08,Pacific Northwest,4183,4057,0.1926,0.0266
2023-05-08,New England,4031,3874,0.1952,0.0266
2023-05-15,Colorado Rockies,5395,5189,0.2007,0.0238
2023-05-15,Utah Wasatch,4621,4496,0.2209,0.0202
2023-05-15,Northern California,4880,4793,0.2118,0.0239
2023-05-15,Pacific Northwest,4108,3968,0.1885,0.0207
2023-05-15,New England,4214,4069,0.2033,0.0215
2023-05-22,Colorado Rockies,5212,5013,0.2091,0.0206
2023-05-22,Utah Wasatch,4323,4280,0.195,0.0197
2023-05-22,Northern California,5142,5089,0.2231,0.0189
2023-05-22,Pacific Northwest,4327,4220,0.2122,0.0189
2023-05-22,New England,3746,3648,0.2239,0.0224
2023-05-29,Colorado Rockies,5382,5280,0.2117,0.0186
2023-05-29,Utah Wasatch,4796,4729,0.2204,0.021
2023-05-29,Northern California,5010,4820,0.2314,0.016
2023-05-29,Pacific Northwest,4204,4075,0.2431,0.0166
2023-05-29,New England,3821,3753,0.2055,0.0193
2023-06-05,Colorado Rockies,5220,5038,0.2333,0.018
2023-06-05,Utah Wasatch,4500,4444,0.2452,0.0179
2023-06-05,Northern California,4601,4489,0.2159,0.0184
2023-06-05,Pacific Northwest,4307,4214,0.2119,0.0183
2023-06-05,New England,3741,3610,0.2343,0.0166
2023-06-12,Colorado Rockies,4840,4740,0.2373,0.019
2023-06-12,Utah Wasatch,4505,4327,0.2242,0.0185
2023-06-12,Northern California,4390,4316,0.237,0.0153
2023-06-12,Pacific Northwest,4255,4088,0.2264,0.016
2023-06-12,New England,3622,3518,0.2472,0.0181
2023-06-19,Colorado Rockies,4655,4536,0.2262,0.0144
2023-06-19,Utah Wasatch,4040,3956,0.2251,0.0165
2023-06-19,Northern California,4329,4206,0.2477,0.0184
2023-06-19,Pacific Northwest,4137,4056,0.2528,0.0158
2023-06-19,New England,3368,3266,0.2567,0.0142
2023-06-26,Colorado Rockies,5071,4983,0.228,0.016
2023-06-26,Utah Wasatch,4390,4274,0.2269,0.0176
2023-06-26,Northern California,4628,4476,0.2457,0.0176
2023-06-26,Pacific Northwest,3962,3845,0.2487,0.0182
2023-06-26,New England,3380,3258,0.2339,0.0175
2023-07-03,Colorado Rockies,5700,5562,0.2504,0.0211
2023-07-03,Utah Wasatch,5336,5258,0.235,0.0162
2023-07-03,Northern California,5697,5536,0.2465,0.0189
2023-07-03,Pacific Northwest,4544,4372,0.2474,0.0206
2023-07-03,New England,4058,3971,0.2424,0.0163
2023-07-10,Colorado Rockies,4553,4482,0.2258,0.0175
2023-07-10,Utah Wasatch,4005,3871,0.216,0.0219
2023-07-10,Northern California,4315,4207,0.2364,0.0199
2023-07-10,Pacific Northwest,3883,3762,0.248,0.0189
2023-07-10,New England,3470,3418,0.2165,0.0209
2023-07-17,Colorado Rockies,4672,4542,0.2158,0.0195
2023-07-17,Utah Wasatch,4134,4019,0.2089,0.0246
2023-07-17,Northern California,4437,4306,0.2308,0.0209
2023-07-17,Pacific Northwest,3644,3506,0.2268,0.0208
2023-07-17,New England,3154,3072,0.2045,0.0219
2023-07-24,Colorado Rockies,4503,4353,0.2265,0.0253
2023-07-24,Utah Wasatch,3911,3815,0.2146,0.027
2023-07-24,Northern California,4345,4284,0.2279,0.0221
2023-07-24,Pacific Northwest,3709,3574,0.2012,0.0218
2023-07-24,New England,3207,3151,0.2316,0.0229
2023-07-31,Colorado Rockies,4346,4260,0.2088,0.0277
2023-07-31,Utah Wasatch,3974,3856,0.2205,0.0232
2023-07-31,Northern California,4090,3993,0.2085,0.027
2023-07-31,Pacific Northwest,3669,3607,0.2005,0.0266
2023-07-31,New England,3226,3101,0.2065,0.0274
2023-08-07,Colorado Rockies,4617,4434,0.1895,0.0276
2023-08-07,Utah Wasatch,3895,3790,0.1981,0.0281
2023-08-07,Northern California,3980,3882,0.1739,0.0254
2023-08-07,Pacific Northwest,3843,3690,0.2039,0.03
2023-08-07,New England,3306,3193,0.2058,0.025
2023-08-14,Colorado Rockies,4415,4297,0.1859,0.0304
2023-08-14,Utah Wasatch,3804,3688,0.1863,0.0291
2023-08-14,Northern California,4049,3988,0.176,0.0255
2023-08-14,Pacific Northwest,3448,3405,0.1976,0.0264
2023-08-14,New England,3159,3054,0.1928,0.0283
2023-08-21,Colorado Rockies,4216,4156,0.1859,0.027
2023-08-21,Utah Wasatch,4054,3921,0.1478,0.0297
2023-08-21,Northern California,4253,4085,0.1518,0.0251
2023-08-21,Pacific Northwest,3344,3287,0.1594,0.0287
2023-08-21,New England,3093,2991,0.1543,0.0306
2023-08-28,Colorado Rockies,4353,4184,0.1425,0.0254
2023-08-28,Utah Wasatch,3804,3720,0.1745,0.028
2023-08-28,Northern California,3821,3687,0.1747,0.0291
2023-08-28,Pacific Northwest,3659,3621,0.1483,0.027
2023-08-28,New England,3348,3221,0.1634,0.0301
2023-09-04,Colorado Rockies,4460,4285,0.1544,0.0284
2023-09-04,Utah Wasatch,4124,3960,0.1586,0.0287
2023-09-04,Northern California,4537,4466,0.1675,0.0288
2023-09-04,Pacific Northwest,3518,3437,0.1506,0.0235
2023-09-04,New England,3305,3224,0.1401,0.0248
2023-09-11,Colorado Rockies,4174,4051,0.162,0.0229
2023-09-11,Utah Wasatch,3549,3471,0.1347,0.022
2023-09-11,Northern California,4028,3935,0.1593,0.0221
2023-09-11,Pacific Northwest,3577,3503,0.1429,0.0211
2023-09-11,New England,3332,3252,0.1504,0.0242
2023-09-18,Colorado Rockies,4489,4346,0.1573,0.0248
2023-09-18,Utah Wasatch,3885,3750,0.1227,0.024
2023-09-18,Northern California,4259,4161,0.1394,0.0202
2023-09-18,Pacific Northwest,3691,3644,0.1234,0.0206
2023-09-18,New England,3367,3333,0.1277,0.0247
2023-09-25,Colorado Rockies,4232,4126,0.1408,0.0187
2023-09-25,Utah Wasatch,3664,3553,0.1415,0.0178
2023-09-25,Northern California,4023,3903,0.1343,0.0201
2023-09-25,Pacific Northwest,3686,3550,0.1584,0.022
2023-09-25,New England,3305,3252,0.1477,0.0226
2023-10-02,Colorado Rockies,4200,4105,0.1439,0.0162
2023-10-02,Utah Wasatch,3988,3925,0.1255,0.0204
2023-10-02,Northern California,4152,4056,0.1495,0.0161
2023-10-02,Pacific Northwest,3803,3697,0.1573,0.0168
2023-10-02,New England,3329,3206,0.1606,0.0204
2023-10-09,Colorado Rockies,4199,4128,0.1679,0.014
2023-10-09,Utah Wasatch,3756,3637,0.1353,0.0185
2023-10-09,Northern California,4431,4295,0.1483,0.0176
2023-10-09,Pacific Northwest,3487,3439,0.1625,0.0142
2023-10-09,New England,3123,3018,0.163,0.0175
2023-10-16,Colorado Rockies,4524,4388,0.1717,0.0178
2023-10-16,Utah Wasatch,4266,4217,0.1691,0.0135
2023-10-16,Northern California,4007,3923,0.1743,0.0183
2023-10-16,Pacific Northwest,3982,3921,0.1592,0.018
2023-10-16,New England,3332,3201,0.1386,0.0144
2023-10-23,Colorado Rockies,5714,5549,0.1792,0.0138
2023-10-23,Utah Wasatch,5128,4949,0.1691,0.0157
2023-10-23,Northern California,5280,5094,0.1695,0.015
2023-10-23,Pacific Northwest,4849,4680,0.1813,0.0149
2023-10-23,New England,4000,3889,0.1481,0.0165
2023-10-30,Colorado Rockies,4937,4806,0.1966,0.0173
2023-10-30,Utah Wasatch,4243,4133,0.1653,0.0184
2023-10-30,Northern California,4425,4262,0.1608,0.0196
2023-10-30,Pacific Northwest,3734,3617,0.1681,0.0187
2023-10-30,New England,3355,3244,0.1586,0.0153
2023-11-06,Colorado Rockies,4896,4815,0.1817,0.0153
2023-11-06,Utah Wasatch,4286,4159,0.175,0.0194
2023-11-06,Northern California,4728,4659,0.1773,0.02
2023-11-06,Pacific Northwest,3846,3765,0.1909,0.0189
2023-11-06,New England,3610,3502,0.1783,0.0177
2023-11-13,Colorado Rockies,5021,4939,0.1984,0.0226
2023-11-13,Utah Wasatch,4141,4048,0.2002,0.0198
2023-11-13,Northern California,4392,4240,0.1825,0.0225
2023-11-13,Pacific Northwest,3761,3664,0.1942,0.022
2023-11-13,New England,3372,3276,0.2005,0.0179
2023-11-20,Colorado Rockies,6875,6612,0.2092,0.0235
2023-11-20,Utah Wasatch,5998,5900,0.1967,0.0215
2023-11-20,Northern California,6045,5861,0.195,0.0192
2023-11-20,Pacific Northwest,5642,5582,0.1957,0.0231
2023-11-20,New England,4799,4646,0.2172,0.0195
2023-11-27,Colorado Rockies,5083,4894,0.2288,0.0233
2023-11-27,Utah Wasatch,4808,4690,0.2115,0.0219
2023-11-27,Northern California,5207,5141,0.2247,0.0253
2023-11-27,Pacific Northwest,4122,4046,0.2071,0.0244
2023-11-27,New England,3888,3793,0.2044,0.0261
2023-12-04,Colorado Rockies,6103,5913,0.2443,0.0231
2023-12-04,Utah Wasatch,5642,5582,0.2117,0.0287
2023-12-04,Northern California,6484,6322,0.2254,0.0266
2023-12-04,Pacific Northwest,5078,4909,0.2415,0.0244
2023-12-04,New England,5053,4888,0.2395,0.0242
2023-12-11,Colorado Rockies,5577,5423,0.2461,0.0293
2023-12-11,Utah Wasatch,4352,4192,0.2461,0.0269
2023-12-11,Northern California,5300,5237,0.242,0.0275
2023-12-11,Pacific Northwest,4224,4179,0.2342,0.0261
2023-12-11,New England,4170,4086,0.2292,0.0254
2023-12-18,Colorado Rockies,5227,5022,0.2536,0.0286
2023-12-18,Utah Wasatch,4559,4478,0.2309,0.027
2023-12-18,Northern California,4812,4640,0.2503,0.0308
2023-12-18,Pacific Northwest,4691,4615,0.2485,0.0302
2023-12-18,New England,3851,3807,0.2277,0.0272
2023-12-25,Colorado Rockies,5681,5498,0.2567,0.0292
2023-12-25,Utah Wasatch,5258,5048,0.2375,0.0304
2023-12-25,Northern California,5411,5227,0.2218,0.0268
2023-12-25,Pacific Northwest,4520,4429,0.2252,0.0278
2023-12-25,New England,4341,4187,0.2562,0.0266
2024-01-01,Colorado Rockies,7767,7547,0.2253,0.0269
2024-01-01,Utah Wasatch,6821,6638,0.2214,0.0248
2024-01-01,Northern California,7192,7083,0.2533,0.0275
2024-01-01,Pacific Northwest,5900,5759,0.2305,0.027
2024-01-01,New England,5922,5805,0.2294,0.0284
2024-01-08,Colorado Rockies,5334,5254,0.2432,0.0279
2024-01-08,Utah Wasatch,5103,4982,0.2428,0.0243
2024-01-08,Northern California,5158,4985,0.2406,0.0277
2024-01-08,Pacific Northwest,4357,4188,0.2418,0.0244
2024-01-08,New England,4062,4013,0.2418,0.0251
2024-01-15,Colorado Rockies,5409,5200,0.2371,0.0243
2024-01-15,Utah Wasatch,4793,4732,0.2392,0.0219
2024-01-15,Northern California,5074,4937,0.2132,0.0247
2024-01-15,Pacific Northwest,4619,4471,0.2156,0.0247
2024-01-15,New England,4258,4147,0.2428,0.0243
2024-01-22,Colorado Rockies,5694,5636,0.1973,0.0213
2024-01-22,Utah Wasatch,4820,4766,0.2251,0.0196
2024-01-22,Northern California,5194,5038,0.2024,0.0218
2024-01-22,Pacific Northwest,4927,4804,0.2085,0.0247
2024-01-22,New England,4411,4280,0.2264,0.0212
2024-01-29,Colorado Rockies,5759,5566,0.1947,0.0197
2024-01-29,Utah Wasatch,5517,5332,0.2175,0.017
2024-01-29,Northern California,5547,5360,0.185,0.0208
2024-01-29,Pacific Northwest,5119,4963,0.1892,0.0225
2024-01-29,New England,4368,4262,0.2119,0.0194
2024-02-05,Colorado Rockies,7520,7331,0.1734,0.0156
2024-02-05,Utah Wasatch,6865,6776,0.1735,0.0153
2024-02-05,Northern California,7381,7111,0.1932,0.0194
2024-02-05,Pacific Northwest,6520,6348,0.2023,0.0204
2024-02-05,New England,5846,5700,0.1999,0.0202
2024-02-12,Colorado Rockies,5920,5826,0.1702,0.0168
2024-02-12,Utah Wasatch,5784,5580,0.1843,0.015
2024-02-12,Northern California,5833,5659,0.1637,0.0139
2024-02-12,Pacific Northwest,5195,5098,0.1866,0.0192
2024-02-12,New England,5028,4866,0.179,0.0154
2024-02-19,Colorado Rockies,6531,6335,0.1592,0.0176
2024-02-19,Utah Wasatch,5481,5288,0.1557,0.0135
2024-02-19,Northern California,6166,5936,0.1759,0.019
2024-02-19,Pacific Northwest,4986,4929,0.1794,0.0147
2024-02-19,New England,4497,4368,0.1472,0.0146
2024-02-26,Colorado Rockies,6372,6263,0.145,0.0175
2024-02-26,Utah Wasatch,5207,5018,0.1685,0.0181
2024-02-26,Northern California,5834,5701,0.1394,0.0152
2024-02-26,Pacific Northwest,4835,4671,0.174,0.0151
2024-02-26,New England,4772,4717,0.1756,0.014
2024-03-04,Colorado Rockies,6353,6143,0.1625,0.0177
2024-03-04,Utah Wasatch,5054,4859,0.1531,0.0141
2024-03-04,Northern California,5567,5463,0.1403,0.0184
2024-03-04,Pacific Northwest,5163,5089,0.16,0.0168
2024-03-04,New England,4353,4281,0.1488,0.019
2024-03-11,Colorado Rockies,6017,5910,0.1242,0.0191
2024-03-11,Utah Wasatch,5245,5049,0.1369,0.0189
2024-03-11,Northern California,5885,5675,0.1511,0.0186
2024-03-11,Pacific Northwest,4831,4657,0.1505,0.0165
2024-03-11,New England,4765,4623,0.1358,0.0208
2024-03-18,Colorado Rockies,5876,5667,0.1581,0.0183
2024-03-18,Utah Wasatch,5124,4973,0.1382,0.0189
2024-03-18,Northern California,5611,5459,0.1521,0.0172
2024-03-18,Pacific Northwest,5319,5204,0.1299,0.0186
2024-03-18,New England,4249,4180,0.1535,0.0207
2024-03-25,Colorado Rockies,5943,5857,0.1268,0.0196
2024-03-25,Utah Wasatch,5336,5156,0.1243,0.0232
2024-03-25,Northern California,5590,5445,0.1496,0.0246
2024-03-25,Pacific Northwest,4794,4660,0.138,0.0198
2024-03-25,New England,4661,4557,0.1427,0.0195
2024-04-01,Colorado Rockies,5912,5734,0.1243,0.0212
2024-04-01,Utah Wasatch,5360,5229,0.1426,0.0256
2024-04-01,Northern California,5828,5714,0.1277,0.0228
2024-04-01,Pacific Northwest,5229,5170,0.1522,0.0245
2024-04-01,New England,4251,4160,0.1395,0.024
2024-04-08,Colorado Rockies,6224,6062,0.1682,0.0244
2024-04-08,Utah Wasatch,5309,5219,0.1375,0.0246
2024-04-08,Northern California,5438,5318,0.1675,0.0274
2024-04-08,Pacific Northwest,4786,4679,0.1637,0.0284
2024-04-08,New England,4625,4533,0.1556,0.0256
2024-04-15,Colorado Rockies,5755,5540,0.1673,0.0301
2024-04-15,Utah Wasatch,4895,4740,0.1421,0.0266
2024-04-15,Northern California,5455,5240,0.1731,0.0278
2024-04-15,Pacific Northwest,4521,4466,0.1516,0.0254
2024-04-15,New England,4099,3990,0.1383,0.0289
2024-04-22,Colorado Rockies,5662,5510,0.183,0.0302
2024-04-22,Utah Wasatch,5471,5310,0.1601,0.0305
2024-04-22,Northern California,5809,5749,0.1637,0.0254
2024-04-22,Pacific Northwest,4532,4417,0.1846,0.0294
2024-04-22,New England,4296,4207,0.1628,0.0268
2024-04-29,Colorado Rockies,5761,5699,0.1917,0.0295
2024-04-29,Utah Wasatch,5311,5201,0.1651,0.03
2024-04-29,Northern California,5569,5387,0.1676,0.0276
2024-04-29,Pacific Northwest,4497,4447,0.1977,0.0298
2024-04-29,New England,4486,4333,0.1583,0.0305
2024-05-06,Colorado Rockies,5572,5411,0.1766,0.026
2024-05-06,Utah Wasatch,5161,5090,0.179,0.0261
2024-05-06,Northern California,4986,4839,0.1715,0.03
2024-05-06,Pacific Northwest,4355,4258,0.2017,0.0287
2024-05-06,New England,4041,3909,0.1866,0.0271
2024-05-13,Colorado Rockies,5152,4953,0.1843,0.0265
2024-05-13,Utah Wasatch,5033,4972,0.1965,0.0251
2024-05-13,Northern California,5505,5355,0.2013,0.0248
2024-05-13,Pacific Northwest,4539,4436,0.2162,0.0267
2024-05-13,New England,4212,4149,0.2109,0.0238
2024-05-20,Colorado Rockies,5278,5119,0.2294,0.0235
2024-05-20,Utah Wasatch,4555,4431,0.2219,0.0261
2024-05-20,Northern California,5111,4931,0.2303,0.0223
2024-05-20,Pacific Northwest,4409,4293,0.2111,0.0241
2024-05-20,New England,4058,4002,0.2255,0.0257
2024-05-27,Colorado Rockies,5800,5687,0.2178,0.0246
2024-05-27,Utah Wasatch,4945,4813,0.2109,0.0218
2024-05-27,Northern California,5297,5193,0.2133,0.0239
2024-05-27,Pacific Northwest,4474,4355,0.2089,0.0201
2024-05-27,New England,4461,4372,0.2261,0.0236
2024-06-03,Colorado Rockies,5291,5194,0.2218,0.0194
2024-06-03,Utah Wasatch,4644,4485,0.2143,0.0199
2024-06-03,Northern California,5035,4899,0.2185,0.0176
2024-06-03,Pacific Northwest,4364,4245,0.2141,0.0187
2024-06-03,New England,4178,4057,0.2329,0.0173
2024-06-10,Colorado Rockies,5477,5319,0.2553,0.017
2024-06-10,Utah Wasatch,4838,4711,0.2443,0.0152
2024-06-10,Northern California,4759,4589,0.2287,0.0165
2024-06-10,Pacific Northwest,4557,4508,0.2261,0.0182
2024-06-10,New England,3775,3673,0.2513,0.0197
2024-06-17,Colorado Rockies,6320,6139,0.2474,0.0161
2024-06-17,Utah Wasatch,5660,5435,0.2537,0.0181
2024-06-17,Northern California,6360,6210,0.2401,0.0143
2024-06-17,Pacific Northwest,5177,5063,0.2398,0.0171
2024-06-17,New England,4467,4291,0.2499,0.0172
2024-06-24,Colorado Rockies,5139,4951,0.2378,0.0157
2024-06-24,Utah Wasatch,4431,4380,0.2273,0.0172
2024-06-24,Northern California,4828,4667,0.2369,0.0166
2024-06-24,Pacific Northwest,4269,4111,0.2479,0.0164
2024-06-24,New England,3730,3681,0.2481,0.016
2024-07-01,Colorado Rockies,5202,5115,0.2232,0.0143
2024-07-01,Utah Wasatch,4109,4037,0.2475,0.0169
2024-07-01,Northern California,4691,4561,0.2562,0.0176
2024-07-01,Pacific Northwest,4248,4160,0.231,0.0168
2024-07-01,New England,3694,3590,0.2557,0.0178
2024-07-08,Colorado Rockies,5105,5026,0.2241,0.018
2024-07-08,Utah Wasatch,4373,4301,0.2191,0.0197
2024-07-08,Northern California,4474,4322,0.2192,0.0143
2024-07-08,Pacific Northwest,3894,3753,0.2278,0.0174
2024-07-08,New England,3575,3478,0.2414,0.0171
2024-07-15,Colorado Rockies,4460,4309,0.2174,0.0156
2024-07-15,Utah Wasatch,4285,4127,0.2092,0.0187
2024-07-15,Northern California,4636,4522,0.2054,0.0174
2024-07-15,Pacific Northwest,3890,3784,0.2275,0.0195
2024-07-15,New England,3514,3423,0.2146,0.017
2024-07-22,Colorado Rockies,4769,4676,0.2302,0.0223
2024-07-22,Utah Wasatch,3957,3895,0.2192,0.0171
2024-07-22,Northern California,4490,4371,0.2131,0.0196
2024-07-22,Pacific Northwest,3872,3747,0.1974,0.0188
2024-07-22,New England,3357,3286,0.2205,0.0196
2024-07-29,Colorado Rockies,4638,4463,0.1859,0.0238
2024-07-29,Utah Wasatch,4332,4213,0.1864,0.0228
2024-07-29,Northern California,4599,4502,0.1957,0.0209
2024-07-29,Pacific Northwest,3954,3875,0.1826,0.0219
2024-07-29,New England,3353,3225,0.2129,0.0214
2024-08-05,Colorado Rockies,4579,4470,0.1974,0.0248
2024-08-05,Utah Wasatch,3926,3783,0.1757,0.0231
2024-08-05,Northern California,4494,4396,0.1947,0.0244
2024-08-05,Pacific Northwest,3539,3423,0.2088,0.0232
2024-08-05,New England,3555,3421,0.1801,0.026
2024-08-12,Colorado Rockies,4742,4605,0.1973,0.025
2024-08-12,Utah Wasatch,3853,3756,0.1709,0.0242
2024-08-12,Northern California,4381,4336,0.1585,0.0279
2024-08-12,Pacific Northwest,3770,3651,0.1607,0.0257
2024-08-12,New England,3333,3286,0.1911,0.0242
2024-08-19,Colorado Rockies,4273,4212,0.1526,0.0253
2024-08-19,Utah Wasatch,3727,3674,0.1653,0.0302
2024-08-19,Northern California,4286,4120,0.1821,0.0282
2024-08-19,Pacific Northwest,3505,3424,0.167,0.0299
2024-08-19,New England,3490,3383,0.1744,0.0278
2024-08-26,Colorado Rockies,5626,5419,0.1516,0.0284
2024-08-26,Utah Wasatch,4895,4799,0.1411,0.0305
2024-08-26,Northern California,5097,4996,0.137,0.0297
2024-08-26,Pacific Northwest,4413,4291,0.1713,0.025
2024-08-26,New England,4424,4367,0.1383,0.0271
2024-09-02,Colorado Rockies,4586,4456,0.1393,0.0294
2024-09-02,Utah Wasatch,4283,4169,0.161,0.0252
2024-09-02,Northern California,4334,4245,0.1618,0.025
2024-09-02,Pacific Northwest,4189,4079,0.1478,0.0279
2024-09-02,New England,3401,3362,0.1584,0.0294
2024-09-09,Colorado Rockies,4159,4008,0.1526,0.027
2024-09-09,Utah Wasatch,4022,3870,0.1509,0.0301
2024-09-09,Northern California,4354,4220,0.1418,0.0269
2024-09-09,Pacific Northwest,3921,3869,0.1475,0.0256
2024-09-09,New England,3520,3393,0.1427,0.0291
2024-09-16,Colorado Rockies,4773,4653,0.1567,0.0278
2024-09-16,Utah Wasatch,4080,3982,0.1471,0.0273
2024-09-16,Northern California,4229,4182,0.1248,0.0282
2024-09-16,Pacific Northwest,3730,3683,0.1249,0.0246
2024-09-16,New England,3320,3273,0.1399,0.0244
2024-09-23,Colorado Rockies,4707,4650,0.1254,0.025
2024-09-23,Utah Wasatch,4068,3972,0.126,0.0214
2024-09-23,Northern California,4094,4009,0.1414,0.0225
2024-09-23,Pacific Northwest,3619,3583,0.1392,0.0264
2024-09-23,New England,3410,3328,0.1574,0.0241
2024-09-30,Colorado Rockies,4601,4475,0.1407,0.0198
2024-09-30,Utah Wasatch,4046,3962,0.1396,0.0194
2024-09-30,Northern California,4452,4349,0.1417,0.024
2024-09-30,Pacific Northwest,3779,3681,0.1588,0.0198
2024-09-30,New England,3544,3486,0.1527,0.0234
2024-10-07,Colorado Rockies,4694,4535,0.1337,0.0182
2024-10-07,Utah Wasatch,3978,3931,0.141,0.0177
2024-10-07,Northern California,4351,4178,0.1351,0.0222
2024-10-07,Pacific Northwest,3930,3823,0.1447,0.0183
2024-10-07,New England,3518,3429,0.1391,0.0176
2024-10-14,Colorado Rockies,4853,4701,0.1442,0.0153
2024-10-14,Utah Wasatch,4347,4289,0.1609,0.0195
2024-10-14,Northern California,4341,4273,0.1658,0.0166
2024-10-14,Pacific Northwest,3633,3488,0.1429,0.0172
2024-10-14,New England,3455,3359,0.1531,0.0155
2024-10-21,Colorado Rockies,4819,4666,0.1668,0.0164
2024-10-21,Utah Wasatch,4358,4249,0.1705,0.0176
2024-10-21,Northern California,4670,4621,0.1661,0.0195
2024-10-21,Pacific Northwest,3746,3701,0.1864,0.0162
2024-10-21,New England,3688,3555,0.1629,0.0142
2024-10-28,Colorado Rockies,4736,4650,0.1756,0.0158
2024-10-28,Utah Wasatch,4393,4262,0.164,0.0135
2024-10-28,Northern California,4915,4808,0.1884,0.0182
2024-10-28,Pacific Northwest,3852,3767,0.1772,0.0137
2024-10-28,New England,3810,3669,0.1701,0.0145
2024-11-04,Colorado Rockies,4854,4770,0.2025,0.0162
2024-11-04,Utah Wasatch,4177,4046,0.1837,0.016
2024-11-04,Northern California,4828,4702,0.2085,0.0145
2024-11-04,Pacific Northwest,4168,4017,0.1945,0.0161
2024-11-04,New England,3859,3717,0.2024,0.0188
2024-11-11,Colorado Rockies,5110,4956,0.2175,0.0158
2024-11-11,Utah Wasatch,4682,4629,0.2076,0.0147
2024-11-11,Northern California,4540,4431,0.2045,0.014
2024-11-11,Pacific Northwest,4006,3926,0.1899,0.0197
2024-11-11,New England,3518,3465,0.205,0.0154
2024-11-18,Colorado Rockies,7484,7331,0.2194,0.0158
2024-11-18,Utah Wasatch,6439,6212,0.2278,0.0198
2024-11-18,Northern California,6716,6504,0.2114,0.0177
2024-11-18,Pacific Northwest,5526,5408,0.1993,0.0207
2024-11-18,New England,5526,5376,0.2074,0.0198
2024-11-25,Colorado Rockies,5237,5091,0.213,0.017
2024-11-25,Utah Wasatch,5026,4889,0.2107,0.0212
2024-11-25,Northern California,4964,4819,0.2199,0.0199
2024-11-25,Pacific Northwest,4759,4650,0.2182,0.0203
2024-11-25,New England,4349,4202,0.2278,0.0182
2024-12-02,Colorado Rockies,4991,4909,0.2445,0.0216
2024-12-02,Utah Wasatch,4598,4503,0.2475,0.0197
2024-12-02,Northern California,5357,5177,0.2436,0.0231
2024-12-02,Pacific Northwest,4344,4206,0.2352,0.0237
2024-12-02,New England,3817,3758,0.2342,0.0238
2024-12-09,Colorado Rockies,5797,5626,0.2411,0.022
2024-12-09,Utah Wasatch,4709,4578,0.237,0.0224
2024-12-09,Northern California,5036,4859,0.2326,0.0243
2024-12-09,Pacific Northwest,4396,4271,0.2239,0.0241
2024-12-09,New England,3959,3908,0.2414,0.0228
2024-12-16,Colorado Rockies,6741,6505,0.2404,0.0255
2024-12-16,Utah Wasatch,6280,6181,0.2312,0.0255
2024-12-16,Northern California,6807,6685,0.2425,0.0281
2024-12-16,Pacific Northwest,5842,5678,0.2474,0.0229
2024-12-16,New England,5043,4903,0.2237,0.0233
2024-12-23,Colorado Rockies,6074,5866,0.2197,0.0292
2024-12-23,Utah Wasatch,5453,5338,0.2447,0.0295
2024-12-23,Northern California,6005,5886,0.2589,0.0298
2024-12-23,Pacific Northwest,4893,4788,0.2482,0.0265
2024-12-23,New England,4236,4106,0.2392,0.0284
2024-12-30,Colorado Rockies,7975,7674,0.2373,0.0307
2024-12-30,Utah Wasatch,7177,7103,0.2393,0.0288
2024-12-30,Northern California,7274,7070,0.2474,0.0286
2024-12-30,Pacific Northwest,7027,6774,0.224,0.0283
2024-12-30,New England,5860,5775,0.2243,0.0309
2025-01-06,Colorado Rockies,6467,6353,0.2289,0.0264
2025-01-06,Utah Wasatch,5548,5451,0.223,0.029
2025-01-06,Northern California,6261,6103,0.2157,0.0277
2025-01-06,Pacific Northwest,5194,5003,0.2505,0.0251
2025-01-06,New England,4342,4287,0.2244,0.0294
2025-01-13,Colorado Rockies,6104,6040,0.243,0.0246
2025-01-13,Utah Wasatch,5308,5216,0.2116,0.0271
2025-01-13,Northern California,6043,5931,0.2379,0.0261
2025-01-13,Pacific Northwest,5033,4837,0.2404,0.0251
2025-01-13,New England,4465,4348,0.2073,0.0276
2025-01-20,Colorado Rockies,6095,5959,0.2325,0.0236
2025-01-20,Utah Wasatch,5003,4869,0.1988,0.0261
2025-01-20,Northern California,5725,5516,0.1985,0.0271
2025-01-20,Pacific Northwest,5194,5136,0.1988,0.0257
2025-01-20,New England,4270,4222,0.1969,0.0242
2025-01-27,Colorado Rockies,5994,5898,0.2007,0.0225
2025-01-27,Utah Wasatch,5789,5660,0.1883,0.023
2025-01-27,Northern California,5588,5430,0.2034,0.0232
2025-01-27,Pacific Northwest,5215,5065,0.198,0.023
2025-01-27,New England,4844,4690,0.2051,0.0247
2025-02-03,Colorado Rockies,6126,5926,0.2064,0.0236
2025-02-03,Utah Wasatch,5429,5308,0.1908,0.0228
2025-02-03,Northern California,5936,5773,0.2027,0.0227
2025-02-03,Pacific Northwest,5155,4991,0.1802,0.0246
2025-02-03,New England,4398,4294,0.2081,0.0218
2025-02-10,Colorado Rockies,5811,5735,0.1792,0.0183
2025-02-10,Utah Wasatch,5791,5703,0.1731,0.0179
2025-02-10,Northern California,5532,5319,0.174,0.0229
2025-02-10,Pacific Northwest,4941,4880,0.1876,0.0225
2025-02-10,New England,4782,4664,0.194,0.0186
2025-02-17,Colorado Rockies,8368,8255,0.1698,0.018
2025-02-17,Utah Wasatch,7018,6932,0.1753,0.016
2025-02-17,Northern California,8229,8146,0.1659,0.0171
2025-02-17,Pacific Northwest,6914,6662,0.1635,0.0182
2025-02-17,New England,6502,6281,0.1509,0.0178
2025-02-24,Colorado Rockies,6673,6606,0.146,0.0148
2025-02-24,Utah Wasatch,5923,5698,0.1414,0.0177
2025-02-24,Northern California,6172,5994,0.1475,0.0141
2025-02-24,Pacific Northwest,5333,5262,0.1392,0.0142
2025-02-24,New England,4856,4682,0.1505,0.0164
2025-03-03,Colorado Rockies,6567,6325,0.163,0.0176
2025-03-03,Utah Wasatch,5279,5094,0.1332,0.0138
2025-03-03,Northern California,5782,5638,0.1352,0.0156
2025-03-03,Pacific Northwest,4932,4804,0.1328,0.0158
2025-03-03,New England,4427,4375,0.158,0.014
2025-03-10,Colorado Rockies,6357,6280,0.1311,0.0162
2025-03-10,Utah Wasatch,5301,5092,0.1475,0.0148
2025-03-10,Northern California,6160,6068,0.1518,0.0183
2025-03-10,Pacific Northwest,5414,5358,0.15,0.0141
2025-03-10,New England,4644,4573,0.1284,0.0165
2025-03-17,Colorado Rockies,6556,6472,0.158,0.019
2025-03-17,Utah Wasatch,5826,5650,0.1495,0.0177
2025-03-17,Northern California,5757,5685,0.1517,0.0196
2025-03-17,Pacific Northwest,5384,5303,0.1298,0.0185
2025-03-17,New England,4867,4741,0.1355,0.0152
2025-03-24,Colorado Rockies,6284,6090,0.1325,0.0178
2025-03-24,Utah Wasatch,5268,5062,0.1454,0.0195
2025-03-24,Northern California,5616,5556,0.1447,0.0162
2025-03-24,Pacific Northwest,5268,5165,0.1379,0.0182
2025-03-24,New England,4714,4665,0.1322,0.0199
2025-03-31,Colorado Rockies,6395,6252,0.1599,0.0227
2025-03-31,Utah Wasatch,5495,5385,0.136,0.0188
2025-03-31,Northern California,5561,5461,0.1321,0.017
2025-03-31,Pacific Northwest,5179,5075,0.1287,0.0178
2025-03-31,New England,4874,4776,0.1619,0.0199
2025-04-07,Colorado Rockies,6141,5968,0.1502,0.0204
2025-04-07,Utah Wasatch,5494,5424,0.1558,0.022
2025-04-07,Northern California,6195,6099,0.1441,0.0225
2025-04-07,Pacific Northwest,5337,5178,0.152,0.0214
2025-04-07,New England,4883,4832,0.13,0.0238
2025-04-14,Colorado Rockies,6118,5989,0.1374,0.0249
2025-04-14,Utah Wasatch,5720,5602,0.1638,0.0239
2025-04-14,Northern California,5802,5592,0.1603,0.0241
2025-04-14,Pacific Northwest,4747,4564,0.1517,0.0215
2025-04-14,New England,4814,4689,0.1605,0.0213
2025-04-21,Colorado Rockies,5888,5809,0.1574,0.0237
2025-04-21,Utah Wasatch,5689,5537,0.1798,0.0237
2025-04-21,Northern California,5952,5717,0.1507,0.023
2025-04-21,Pacific Northwest,5134,5028,0.1583,0.0264
2025-04-21,New England,4219,4096,0.1708,0.0261
2025-04-28,Colorado Rockies,5542,5405,0.1737,0.0276
2025-04-28,Utah Wasatch,5452,5395,0.192,0.0251
2025-04-28,Northern California,5292,5128,0.1582,0.0259
2025-04-28,Pacific Northwest,4836,4694,0.182,0.0284
2025-04-28,New England,4646,4572,0.1691,0.0247
2025-05-05,Colorado Rockies,5484,5399,0.2092,0.0298
2025-05-05,Utah Wasatch,5008,4917,0.1926,0.0263
2025-05-05,Northern California,5387,5227,0.2042,0.0279
2025-05-05,Pacific Northwest,4636,4510,0.1949,0.0305
2025-05-05,New England,4184,4126,0.2091,0.0292
2025-05-12,Colorado Rockies,5413,5342,0.1987,0.0271
2025-05-12,Utah Wasatch,4811,4737,0.208,0.0289
2025-05-12,Northern California,5144,5047,0.2171,0.0278
2025-05-12,Pacific Northwest,5022,4852,0.212,0.0287
2025-05-12,New England,4439,4375,0.2005,0.0282
2025-05-19,Colorado Rockies,5956,5804,0.2165,0.0246
2025-05-19,Utah Wasatch,4864,4799,0.1978,0.0243
2025-05-19,Northern California,5427,5298,0.2332,0.0259
2025-05-19,Pacific Northwest,4540,4359,0.2238,0.0296
2025-05-19,New England,3966,3852,0.1968,0.0279
2025-05-26,Colorado Rockies,5849,5694,0.2103,0.0252
2025-05-26,Utah Wasatch,5508,5318,0.2175,0.0285
2025-05-26,Northern California,5293,5174,0.2373,0.024
2025-05-26,Pacific Northwest,5030,4889,0.2236,0.0239
2025-05-26,New England,4208,4124,0.2147,0.0231
2025-06-02,Colorado Rockies,7077,6804,0.2473,0.0267
2025-06-02,Utah Wasatch,6030,5828,0.2323,0.0219
2025-06-02,Northern California,6767,6608,0.2167,0.0213
2025-06-02,Pacific Northwest,5462,5384,0.2189,0.0239
2025-06-02,New England,5169,4998,0.2367,0.0268
2025-06-09,Colorado Rockies,5075,4929,0.2463,0.0246
2025-06-09,Utah Wasatch,5069,4917,0.2168,0.0225
2025-06-09,Northern California,5370,5266,0.2231,0.0211
2025-06-09,Pacific Northwest,4448,4305,0.2481,0.0227
2025-06-09,New England,3808,3697,0.2265,0.0236
2025-06-16,Colorado Rockies,4938,4793,0.2451,0.02
2025-06-16,Utah Wasatch,4990,4918,0.241,0.0184
2025-06-16,Northern California,5039,4875,0.2519,0.018
2025-06-16,Pacific Northwest,4437,4270,0.2283,0.0186
2025-06-16,New England,3958,3885,0.2286,0.0188
2025-06-23,Colorado Rockies,5094,4896,0.2462,0.0178
2025-06-23,Utah Wasatch,4334,4210,0.2279,0.0171
2025-06-23,Northern California,4591,4414,0.2276,0.0172
2025-06-23,Pacific Northwest,4157,4012,0.2365,0.0164
2025-06-23,New England,3687,3610,0.2455,0.021
2025-06-30,Colorado Rockies,5380,5204,0.241,0.0158
2025-06-30,Utah Wasatch,4831,4648,0.2502,0.0158
2025-06-30,Northern California,5153,5002,0.2491,0.015
2025-06-30,Pacific Northwest,4461,4409,0.2263,0.016
2025-06-30,New England,3835,3750,0.2374,0.0191
2025-07-07,Colorado Rockies,4909,4724,0.234,0.0168
2025-07-07,Utah Wasatch,4620,4435,0.2119,0.018
2025-07-07,Northern California,4524,4373,0.239,0.0161
2025-07-07,Pacific Northwest,4063,3973,0.2132,0.0185
2025-07-07,New England,3522,3424,0.2412,0.0185
2025-07-14,Colorado Rockies,5064,4932,0.2416,0.0162
2025-07-14,Utah Wasatch,4351,4209,0.2081,0.0131
2025-07-14,Northern California,4965,4892,0.2053,0.0189
2025-07-14,Pacific Northwest,3936,3878,0.2125,0.0163
2025-07-14,New England,3667,3595,0.2211,0.0143
2025-07-21,Colorado Rockies,4534,4409,0.2263,0.0161
2025-07-21,Utah Wasatch,4275,4231,0.2236,0.0149
2025-07-21,Northern California,4656,4497,0.1984,0.0176
2025-07-21,Pacific Northwest,4075,4001,0.196,0.0197
2025-07-21,New England,3729,3600,0.1941,0.0169
2025-07-28,Colorado Rockies,4614,4453,0.1985,0.0179
2025-07-28,Utah Wasatch,4471,4372,0.2111,0.0192
2025-07-28,Northern California,4378,4322,0.1915,0.0177
2025-07-28,Pacific Northwest,3938,3830,0.2157,0.0185
2025-07-28,New England,3418,3308,0.1969,0.0162
2025-08-04,Colorado Rockies,4816,4673,0.1823,0.0183
2025-08-04,Utah Wasatch,4187,4047,0.1855,0.0178
2025-08-04,Northern California,4526,4450,0.1826,0.0216
2025-08-04,Pacific Northwest,3921,3765,0.2062,0.0223
2025-08-04,New England,3410,3342,0.2085,0.0203
2025-08-11,Colorado Rockies,5490,5433,0.1911,0.0248
2025-08-11,Utah Wasatch,5124,4969,0.1945,0.0194
2025-08-11,Northern California,5965,5830,0.1592,0.0223
2025-08-11,Pacific Northwest,5154,5013,0.1691,0.0201
2025-08-11,New England,4353,4237,0.1644,0.0228
2025-08-18,Colorado Rockies,4555,4445,0.1551,0.0215
2025-08-18,Utah Wasatch,4007,3941,0.1625,0.024
2025-08-18,Northern California,4489,4416,0.1593,0.0219
2025-08-18,Pacific Northwest,3694,3595,0.1785,0.0249
2025-08-18,New England,3660,3545,0.1498,0.025
2025-08-25,Colorado Rockies,4943,4857,0.1421,0.0287
2025-08-25,Utah Wasatch,3955,3880,0.1759,0.0274
2025-08-25,Northern California,4404,4335,0.1458,0.0233
2025-08-25,Pacific Northwest,3814,3675,0.142,0.0267
2025-08-25,New England,3659,3590,0.1532,0.0234
2025-09-01,Colorado Rockies,4989,4797,0.1401,0.0242
2025-09-01,Utah Wasatch,4647,4472,0.1333,0.0251
2025-09-01,Northern California,4663,4504,0.1485,0.0296
2025-09-01,Pacific Northwest,4021,3895,0.1493,0.0301
2025-09-01,New England,3766,3692,0.1351,0.0287
2025-09-08,Colorado Rockies,4827,4713,0.1424,0.0263
2025-09-08,Utah Wasatch,4131,4020,0.1611,0.0271
2025-09-08,Northern California,4547,4372,0.1483,0.0277
2025-09-08,Pacific Northwest,3912,3774,0.153,0.0255
2025-09-08,New England,3464,3357,0.1569,0.029
2025-09-15,Colorado Rockies,5377,5319,0.1478,0.0306
2025-09-15,Utah Wasatch,5270,5101,0.1441,0.0298
2025-09-15,Northern California,5628,5421,0.1437,0.0253
2025-09-15,Pacific Northwest,4777,4630,0.1562,0.0293
2025-09-15,New England,4116,4043,0.1525,0.0301
2025-09-22,Colorado Rockies,4546,4367,0.1289,0.0284
2025-09-22,Utah Wasatch,4025,3978,0.1313,0.0246
2025-09-22,Northern California,4323,4233,0.1445,0.0288
2025-09-22,Pacific Northwest,4053,3977,0.147,0.0262
2025-09-22,New England,3485,3358,0.1508,0.0298
2025-09-29,Colorado Rockies,4748,4674,0.1424,0.0269
2025-09-29,Utah Wasatch,4071,3920,0.1402,0.0256
2025-09-29,Northern California,4709,4582,0.1413,0.0271
2025-09-29,Pacific Northwest,4170,4112,0.1362,0.0282
2025-09-29,New England,3446,3385,0.1597,0.026
2025-10-06,Colorado Rockies,5116,5043,0.1635,0.0227
2025-10-06,Utah Wasatch,4357,4263,0.1559,0.0252
2025-10-06,Northern California,4684,4521,0.1644,0.0261
2025-10-06,Pacific Northwest,3775,3712,0.1645,0.0238
2025-10-06,New England,3589,3451,0.1558,0.0269
2025-10-13,Colorado Rockies,5113,5046,0.1713,0.0219
2025-10-13,Utah Wasatch,4135,4058,0.1649,0.0239
2025-10-13,Northern California,4922,4802,0.1748,0.0207
2025-10-13,Pacific Northwest,4329,4212,0.1539,0.0203
2025-10-13,New England,3780,3711,0.1573,0.0199
2025-10-20,Colorado Rockies,4852,4782,0.1634,0.0175
2025-10-20,Utah Wasatch,4221,4113,0.1794,0.0201
2025-10-20,Northern California,4513,4341,0.164,0.0212
2025-10-20,Pacific Northwest,4266,4102,0.175,0.0227
2025-10-20,New England,3550,3470,0.151,0.0173
2025-10-27,Colorado Rockies,4742,4584,0.1625,0.0208
2025-10-27,Utah Wasatch,4520,4453,0.1667,0.0159
2025-10-27,Northern California,5016,4840,0.1663,0.0211
2025-10-27,Pacific Northwest,3952,3855,0.1853,0.0195
2025-10-27,New England,3646,3507,0.1971,0.0159
