week_start,geo,snowfall_index,temperature_f,precipitation_index
2022-11-07,CO,35.864,37.17,0.631
2022-11-07,UT,34.907,34.74,0.829
2022-11-07,CA,22.957,41.63,0.905
2022-11-07,PN,25.788,40.23,0.792
2022-11-07,NE,28.128,41.24,1.026
2022-11-14,CO,34.376,37.22,1.019
2022-11-14,UT,37.617,36.22,1.103
2022-11-14,CA,31.879,36.73,0.613
2022-11-14,PN,33.905,39.39,1.048
2022-11-14,NE,30.267,40.36,0.563
2022-11-21,CO,37.295,40.37,0.676
2022-11-21,UT,35.581,34.95,1.081
2022-11-21,CA,28.923,39.97,1.083
2022-11-21,PN,31.835,38.93,0.933
2022-11-21,NE,35.46,37.75,1.16
2022-11-28,CO,40.131,40.21,0.919
2022-11-28,UT,40.886,36.01,1.254
2022-11-28,CA,35.29,40.23,0.838
2022-11-28,PN,38.244,39.98,1.221
2022-11-28,NE,37.212,39.43,0.74
2022-12-05,CO,43.174,21.13,1.207
2022-12-05,UT,42.317,27.01,1.35
2022-12-05,CA,32.905,29.79,0.999
2022-12-05,PN,39.354,31.05,0.856
2022-12-05,NE,36.038,27.64,1.069
2022-12-12,CO,45.972,23.83,1.027
2022-12-12,UT,48.849,25.73,1.03
2022-12-12,CA,34.84,33.69,1.435
2022-12-12,PN,36.831,31.23,1.38
2022-12-12,NE,44.761,30.09,1.217
2022-12-19,CO,54.191,26.26,1.218
2022-12-19,UT,50.518,27.19,1.393
2022-12-19,CA,40.52,32.54,1.183
2022-12-19,PN,45.694,29.12,1.48
2022-12-19,NE,44.082,27.08,1.305
2022-12-26,CO,55.614,26.3,1.058
2022-12-26,UT,54.935,26.52,1.278
2022-12-26,CA,36.784,33.89,1.209
2022-12-26,PN,44.687,29.79,1.178
2022-12-26,NE,46.934,29.07,1.449
2023-01-02,CO,59.666,25.99,1.584
2023-01-02,UT,52.76,27.58,1.49
2023-01-02,CA,37.512,35.09,1.461
2023-01-02,PN,50.005,28.77,1.358
2023-01-02,NE,51.363,24.8,1.578
2023-01-09,CO,59.379,26.14,1.475
2023-01-09,UT,58.894,27.61,1.401
2023-01-09,CA,42.986,32.8,1.771
2023-01-09,PN,52.023,27.86,1.556
2023-01-09,NE,53.29,27.03,1.844
2023-01-16,CO,61.418,23.37,1.884
2023-01-16,UT,66.441,26.42,1.487
2023-01-16,CA,45.771,31.51,1.812
2023-01-16,PN,53.599,30.21,1.406
2023-01-16,NE,59.132,25.31,1.916
2023-01-23,CO,65.984,24.39,1.714
2023-01-23,UT,63.08,22.72,1.556
2023-01-23,CA,48.655,34.82,1.916
2023-01-23,PN,55.608,29.8,1.741
2023-01-23,NE,58.361,29.96,2.019
2023-01-30,CO,70.374,21.09,1.603
2023-01-30,UT,65.395,21.95,1.573
2023-01-30,CA,46.063,31.43,2.102
2023-01-30,PN,52.058,31.19,2.105
2023-01-30,NE,56.67,28.21,1.859
2023-02-06,CO,76.173,25.72,1.581
2023-02-06,UT,68.6,27.27,1.81
2023-02-06,CA,49.933,30.54,2.057
2023-02-06,PN,59.001,28.56,2.205
2023-02-06,NE,65.241,28.55,2.01
2023-02-13,CO,71.441,25.69,1.72
2023-02-13,UT,73.569,22.94,1.873
2023-02-13,CA,51.559,30.16,2.042
2023-02-13,PN,57.325,26.78,1.722
2023-02-13,NE,66.551,26.04,2.166
2023-02-20,CO,77.989,22.22,1.984
2023-02-20,UT,70.826,25.24,1.837
2023-02-20,CA,51.68,34.27,2.119
2023-02-20,PN,62.282,30.81,2.005
2023-02-20,NE,62.13,26.59,2.218
2023-02-27,CO,81.479,24.75,2.019
2023-02-27,UT,76.959,23.98,2.144
2023-02-27,CA,47.783,34.53,2.125
2023-02-27,PN,63.739,29.68,2.082
2023-02-27,NE,66.345,25.63,1.864
2023-03-06,CO,82.083,36.42,2.303
2023-03-06,UT,79.862,36.66,2.075
2023-03-06,CA,53.904,37.55,2.155
2023-03-06,PN,61.371,41.01,2.384
2023-03-06,NE,66.975,38.97,2.375
2023-03-13,CO,79.119,35.23,2.093
2023-03-13,UT,78.252,35.88,2.3
2023-03-13,CA,48.961,39.69,2.282
2023-03-13,PN,66.276,36.3,2.146
2023-03-13,NE,69.057,36.82,2.418
2023-03-20,CO,79.723,38.78,2.137
2023-03-20,UT,80.553,37.54,1.949
2023-03-20,CA,54.487,41.72,2.455
2023-03-20,PN,64.124,37.66,1.903
2023-03-20,NE,65.267,36.71,2.296
2023-03-27,CO,81.751,37.82,2.446
2023-03-27,UT,76.438,35.6,2.292
2023-03-27,CA,54.986,40.95,2.186
2023-03-27,PN,59.879,39.76,1.94
2023-03-27,NE,70.424,36.85,2.466
2023-04-03,CO,27.167,40.5,2.346
2023-04-03,UT,32.165,38.94,1.985
2023-04-03,CA,23.959,38.77,2.062
2023-04-03,PN,24.165,38.41,1.983
2023-04-03,NE,27.834,41.35,2.299
2023-04-10,CO,28.894,35.18,2.388
2023-04-10,UT,30.206,36.68,2.407
2023-04-10,CA,22.766,40.3,2.128
2023-04-10,PN,25.016,36.9,1.898
2023-04-10,NE,28.375,40.13,2.125
2023-04-17,CO,27.51,39.68,2.174
2023-04-17,UT,29.923,36.52,2.168
2023-04-17,CA,20.698,40.58,1.918
2023-04-17,PN,24.674,36.91,2.439
2023-04-17,NE,30.306,36.48,1.876
2023-04-24,CO,28.277,38.87,2.229
2023-04-24,UT,26.158,37.53,2.022
2023-04-24,CA,21.935,40.95,2.185
2023-04-24,PN,24.065,38.46,2.13
2023-04-24,NE,25.91,35.61,1.878
2023-05-01,CO,30.195,39.92,2.25
2023-05-01,UT,29.781,37.51,2.021
2023-05-01,CA,26.538,42.13,2.185
2023-05-01,PN,24.415,40.51,2.157
2023-05-01,NE,25.327,37.41,2.201
2023-05-08,CO,25.838,37.11,1.932
2023-05-08,UT,26.844,35.78,1.845
2023-05-08,CA,19.258,37.24,1.972
2023-05-08,PN,23.57,38.99,2.175
2023-05-08,NE,22.305,37.29,1.749
2023-05-15,CO,30.63,35.32,1.856
2023-05-15,UT,30.126,39.56,2.092
2023-05-15,CA,23.029,39.3,1.97
2023-05-15,PN,26.121,37.19,2.065
2023-05-15,NE,28.488,41.01,1.798
2023-05-22,CO,29.25,38.33,1.813
2023-05-22,UT,24.881,36.3,1.61
2023-05-22,CA,23.683,42.46,1.885
2023-05-22,PN,22.89,36.41,2.179
2023-05-22,NE,27.816,38.62,1.853
2023-05-29,CO,28.159,38.48,1.649
2023-05-29,UT,25.599,35.67,1.736
2023-05-29,CA,18.927,36.66,1.564
2023-05-29,PN,23.757,36.78,1.7
2023-05-29,NE,24.701,40.77,1.892
2023-06-05,CO,24.537,40.44,1.832
2023-06-05,UT,28.871,35.82,1.563
2023-06-05,CA,22.559,41.65,1.787
2023-06-05,PN,22.981,39.39,1.737
2023-06-05,NE,27.092,36.63,1.893
2023-06-12,CO,26.239,37.82,1.6
2023-06-12,UT,26.366,38.36,1.92
2023-06-12,CA,22.508,40.37,1.755
2023-06-12,PN,25.053,37.31,1.922
2023-06-12,NE,25.94,37.6,1.521
2023-06-19,CO,23.4,39.07,1.836
2023-06-19,UT,22.082,36.19,1.354
2023-06-19,CA,19.945,38.19,1.47
2023-06-19,PN,22.437,36.11,1.707
2023-06-19,NE,26.091,40.69,1.804
2023-06-26,CO,26.248,37.86,1.458
2023-06-26,UT,21.615,40.52,1.318
2023-06-26,CA,21.247,42.04,1.619
2023-06-26,PN,24.875,39.51,1.539
2023-06-26,NE,25.488,36.28,1.541
2023-07-03,CO,22.072,35.53,1.362
2023-07-03,UT,19.529,40.57,1.589
2023-07-03,CA,18.004,41.69,1.34
2023-07-03,PN,19.489,40.78,1.354
2023-07-03,NE,24.294,39.09,1.575
2023-07-10,CO,23.35,37.98,1.179
2023-07-10,UT,20.808,39.4,1.03
2023-07-10,CA,18.95,37.54,0.971
2023-07-10,PN,18.757,39.19,1.097
2023-07-10,NE,20.202,41.33,1.335
2023-07-17,CO,18.967,38.97,1.282
2023-07-17,UT,18.625,38.58,1.105
2023-07-17,CA,21.186,41.68,0.989
2023-07-17,PN,19.138,39.81,1.245
2023-07-17,NE,24.337,40.77,1.397
2023-07-24,CO,21.151,36.3,1.088
2023-07-24,UT,22.383,40.26,0.809
2023-07-24,CA,17.912,39.82,0.876
2023-07-24,PN,20.261,35.99,1.0
2023-07-24,NE,20.891,40.95,1.321
2023-07-31,CO,19.09,40.15,0.968
2023-07-31,UT,18.33,40.01,0.833
2023-07-31,CA,16.647,38.67,0.973
2023-07-31,PN,16.387,41.09,0.798
2023-07-31,NE,22.122,38.39,0.96
2023-08-07,CO,16.551,35.59,0.925
2023-08-07,UT,17.335,36.43,1.133
2023-08-07,CA,19.734,38.6,0.971
2023-08-07,PN,22.079,39.64,0.873
2023-08-07,NE,20.471,39.44,0.671
2023-08-14,CO,16.312,36.41,0.948
2023-08-14,UT,23.135,40.59,1.113
2023-08-14,CA,22.009,40.33,0.624
2023-08-14,PN,23.358,39.84,0.543
2023-08-14,NE,20.05,39.84,0.953
2023-08-21,CO,15.764,36.61,0.84
2023-08-21,UT,22.05,34.84,0.749
2023-08-21,CA,15.434,42.27,0.811
2023-08-21,PN,18.445,39.62,0.544
2023-08-21,NE,19.173,40.69,0.882
2023-08-28,CO,19.117,36.25,0.609
2023-08-28,UT,18.924,36.69,0.566
2023-08-28,CA,15.102,37.95,0.558
2023-08-28,PN,20.418,37.8,0.653
2023-08-28,NE,18.599,38.87,0.804
2023-09-04,CO,16.963,36.67,0.833
2023-09-04,UT,22.698,37.57,0.404
2023-09-04,CA,15.66,37.6,0.868
2023-09-04,PN,21.17,38.61,0.898
2023-09-04,NE,21.122,37.15,0.769
2023-09-11,CO,18.143,40.25,0.541
2023-09-11,UT,19.905,39.3,0.72
2023-09-11,CA,18.469,38.29,0.874
2023-09-11,PN,22.558,38.36,0.797
2023-09-11,NE,16.062,39.47,0.644
2023-09-18,CO,18.655,38.88,0.785
2023-09-18,UT,19.02,36.67,0.867
2023-09-18,CA,14.648,36.93,0.472
2023-09-18,PN,20.89,40.33,0.624
2023-09-18,NE,21.975,38.72,0.901
2023-09-25,CO,20.151,38.64,0.623
2023-09-25,UT,20.253,34.79,0.776
2023-09-25,CA,17.398,42.11,0.437
2023-09-25,PN,15.168,37.69,0.78
2023-09-25,NE,21.888,40.51,0.353
2023-10-02,CO,18.292,37.07,0.44
2023-10-02,UT,19.43,34.79,0.852
2023-10-02,CA,20.443,39.41,0.694
2023-10-02,PN,17.452,39.53,0.484
2023-10-02,NE,22.21,38.79,0.628
2023-10-09,CO,19.878,34.54,0.721
2023-10-09,UT,22.648,35.74,0.845
2023-10-09,CA,19.815,39.11,0.765
2023-10-09,PN,21.489,36.16,0.711
2023-10-09,NE,18.559,40.36,0.751
2023-10-16,CO,15.729,37.77,0.384
2023-10-16,UT,18.934,39.12,0.425
2023-10-16,CA,16.15,41.56,0.47
2023-10-16,PN,15.908,39.0,0.803
2023-10-16,NE,17.822,41.26,0.378
2023-10-23,CO,20.677,36.97,0.53
2023-10-23,UT,22.249,38.97,0.75
2023-10-23,CA,15.645,42.03,0.768
2023-10-23,PN,16.484,41.21,0.65
2023-10-23,NE,16.181,41.33,0.459
2023-10-30,CO,20.919,38.93,0.608
2023-10-30,UT,18.638,35.67,0.985
2023-10-30,CA,22.38,37.93,0.537
2023-10-30,PN,17.839,38.28,0.453
2023-10-30,NE,21.429,39.61,0.859
2023-11-06,CO,30.198,37.42,0.838
2023-11-06,UT,35.939,38.91,0.864
2023-11-06,CA,25.737,42.5,0.679
2023-11-06,PN,28.751,37.21,0.546
2023-11-06,NE,31.933,39.79,0.748
2023-11-13,CO,33.676,37.02,1.096
2023-11-13,UT,35.701,35.03,0.614
2023-11-13,CA,27.088,40.36,0.804
2023-11-13,PN,31.502,41.11,1.115
2023-11-13,NE,35.4,35.61,1.061
2023-11-20,CO,36.877,35.26,0.602
2023-11-20,UT,40.26,38.93,0.911
2023-11-20,CA,27.402,37.21,0.862
2023-11-20,PN,35.582,39.04,0.975
2023-11-20,NE,38.672,36.68,1.165
2023-11-27,CO,42.804,37.17,0.683
2023-11-27,UT,44.619,36.16,0.799
2023-11-27,CA,27.544,36.54,0.734
2023-11-27,PN,37.241,37.2,1.077
2023-11-27,NE,37.264,40.39,1.057
2023-12-04,CO,46.049,25.16,1.184
2023-12-04,UT,46.815,25.16,0.899
2023-12-04,CA,31.527,29.55,0.773
2023-12-04,PN,37.106,28.61,1.092
2023-12-04,NE,38.099,27.9,0.883
2023-12-11,CO,45.503,21.37,1.261
2023-12-11,UT,44.293,26.8,1.023
2023-12-11,CA,31.969,30.43,1.373
2023-12-11,PN,38.432,28.07,1.294
2023-12-11,NE,45.298,27.18,1.238
2023-12-18,CO,49.907,24.03,1.467
2023-12-18,UT,49.832,25.7,1.453
2023-12-18,CA,36.665,30.19,1.245
2023-12-18,PN,41.26,29.02,1.436
2023-12-18,NE,47.023,27.66,1.532
2023-12-25,CO,52.889,26.1,1.191
2023-12-25,UT,49.855,22.12,1.408
2023-12-25,CA,42.524,30.68,1.188
2023-12-25,PN,42.901,29.05,1.58
2023-12-25,NE,46.302,24.66,1.113
2024-01-01,CO,61.693,22.97,1.646
2024-01-01,UT,60.294,23.05,1.35
2024-01-01,CA,40.176,29.41,1.734
2024-01-01,PN,50.09,29.14,1.642
2024-01-01,NE,53.558,26.08,1.369
2024-01-08,CO,63.79,26.62,1.684
2024-01-08,UT,61.748,27.76,1.711
2024-01-08,CA,45.652,34.16,1.61
2024-01-08,PN,48.169,29.5,1.537
2024-01-08,NE,50.936,25.29,1.632
2024-01-15,CO,66.271,25.03,1.831
2024-01-15,UT,60.612,27.73,1.63
2024-01-15,CA,46.868,30.09,1.794
2024-01-15,PN,51.34,29.45,1.674
2024-01-15,NE,53.925,27.87,1.43
2024-01-22,CO,70.122,25.82,1.854
2024-01-22,UT,68.452,22.73,1.889
2024-01-22,CA,49.045,32.15,1.939
2024-01-22,PN,57.145,27.57,1.496
2024-01-22,NE,59.234,29.72,1.873
2024-01-29,CO,70.484,24.86,1.976
2024-01-29,UT,66.386,24.21,1.575
2024-01-29,CA,48.344,34.4,1.633
2024-01-29,PN,58.316,27.58,1.522
2024-01-29,NE,61.738,30.31,1.641
2024-02-05,CO,72.748,25.48,1.673
2024-02-05,UT,68.631,26.47,1.829
2024-02-05,CA,51.149,29.99,2.014
2024-02-05,PN,57.626,26.58,2.139
2024-02-05,NE,64.732,25.47,1.877
2024-02-12,CO,72.962,24.89,1.791
2024-02-12,UT,71.203,24.98,1.687
2024-02-12,CA,49.956,33.16,1.861
2024-02-12,PN,55.856,27.73,2.134
2024-02-12,NE,61.328,26.76,1.815
2024-02-19,CO,79.516,25.82,1.867
2024-02-19,UT,71.331,24.67,2.025
2024-02-19,CA,50.449,34.29,2.001
2024-02-19,PN,60.148,30.2,1.927
2024-02-19,NE,62.516,27.03,1.822
2024-02-26,CO,74.74,22.24,1.987
2024-02-26,UT,75.238,25.25,1.857
2024-02-26,CA,47.282,33.87,1.873
2024-02-26,PN,64.126,26.1,2.346
2024-02-26,NE,68.322,27.8,2.31
2024-03-04,CO,80.427,38.04,2.1
2024-03-04,UT,77.578,39.13,2.055
2024-03-04,CA,50.035,38.22,2.388
2024-03-04,PN,62.832,38.41,2.24
2024-03-04,NE,69.522,37.98,2.25
2024-03-11,CO,81.5,40.44,2.173
2024-03-11,UT,75.233,36.08,1.91
2024-03-11,CA,52.417,37.26,2.178
2024-03-11,PN,66.215,35.96,2.059
2024-03-11,NE,69.526,39.95,2.409
2024-03-18,CO,78.354,38.14,2.189
2024-03-18,UT,75.14,37.8,2.13
2024-03-18,CA,53.158,41.63,2.269
2024-03-18,PN,63.466,40.87,1.963
2024-03-18,NE,70.994,41.18,2.303
2024-03-25,CO,81.901,39.11,2.451
2024-03-25,UT,79.396,36.83,2.451
2024-03-25,CA,52.221,38.43,2.102
2024-03-25,PN,66.237,40.13,2.386
2024-03-25,NE,71.109,38.08,2.063
2024-04-01,CO,26.575,36.42,2.496
2024-04-01,UT,31.936,37.55,1.988
2024-04-01,CA,20.877,41.83,2.325
2024-04-01,PN,24.712,37.37,2.432
2024-04-01,NE,28.528,38.84,2.297
2024-04-08,CO,29.788,35.97,2.368
2024-04-08,UT,25.94,36.74,2.124
2024-04-08,CA,25.672,39.65,1.935
2024-04-08,PN,22.385,36.61,2.46
2024-04-08,NE,29.455,40.01,2.008
2024-04-15,CO,28.641,36.44,2.262
2024-04-15,UT,31.954,36.65,2.246
2024-04-15,CA,21.966,39.12,2.393
2024-04-15,PN,22.917,40.23,1.95
2024-04-15,NE,25.787,35.42,2.358
2024-04-22,CO,30.681,35.97,2.001
2024-04-22,UT,30.813,39.56,1.949
2024-04-22,CA,25.272,41.47,1.878
2024-04-22,PN,26.426,38.56,2.021
2024-04-22,NE,25.137,36.42,2.016
2024-04-29,CO,29.189,35.34,2.182
2024-04-29,UT,24.597,38.99,1.908
2024-04-29,CA,26.355,42.13,2.053
2024-04-29,PN,21.587,39.9,2.19
2024-04-29,NE,28.734,36.71,2.209
2024-05-06,CO,28.384,37.64,2.205
2024-05-06,UT,29.746,38.32,1.849
2024-05-06,CA,21.545,39.13,1.9
2024-05-06,PN,27.265,36.91,1.873
2024-05-06,NE,22.051,36.34,2.005
2024-05-13,CO,26.823,40.13,1.982
2024-05-13,UT,25.548,39.33,1.732
2024-05-13,CA,24.748,38.32,1.903
2024-05-13,PN,21.059,36.91,2.017
2024-05-13,NE,27.79,37.86,2.147
2024-05-20,CO,27.783,37.83,1.998
2024-05-20,UT,23.973,40.47,2.164
2024-05-20,CA,18.899,38.43,1.634
2024-05-20,PN,27.265,37.38,1.775
2024-05-20,NE,28.158,35.43,2.015
2024-05-27,CO,27.661,36.24,1.677
2024-05-27,UT,23.174,37.26,1.786
2024-05-27,CA,26.106,41.58,2.045
2024-05-27,PN,26.512,39.87,1.941
2024-05-27,NE,21.38,38.59,1.906
2024-06-03,CO,27.468,39.36,1.617
2024-06-03,UT,26.477,39.41,1.553
2024-06-03,CA,25.332,37.08,1.9
2024-06-03,PN,24.472,35.91,1.821
2024-06-03,NE,23.459,37.71,1.641
2024-06-10,CO,22.863,38.21,1.657
2024-06-10,UT,24.453,37.42,1.709
2024-06-10,CA,21.216,40.89,1.636
2024-06-10,PN,22.712,39.19,1.47
2024-06-10,NE,21.392,39.86,1.428
2024-06-17,CO,22.599,35.96,1.36
2024-06-17,UT,20.632,39.51,1.774
2024-06-17,CA,17.777,37.53,1.624
2024-06-17,PN,21.643,40.01,1.818
2024-06-17,NE,20.856,40.53,1.612
2024-06-24,CO,26.686,37.4,1.532
2024-06-24,UT,26.418,37.43,1.607
2024-06-24,CA,19.849,41.82,1.515
2024-06-24,PN,23.877,37.52,1.691
2024-06-24,NE,23.65,40.63,1.3
2024-07-01,CO,21.308,36.52,1.348
2024-07-01,UT,24.059,40.17,1.598
2024-07-01,CA,22.326,39.99,1.118
2024-07-01,PN,19.304,38.82,1.553
2024-07-01,NE,20.2,35.41,1.14
2024-07-08,CO,19.367,38.45,1.443
2024-07-08,UT,18.799,37.94,1.2
2024-07-08,CA,20.511,41.78,1.119
2024-07-08,PN,20.221,37.23,1.136
2024-07-08,NE,21.394,41.15,1.5
2024-07-15,CO,21.047,35.14,1.337
2024-07-15,UT,18.113,35.33,0.89
2024-07-15,CA,22.073,41.96,1.101
2024-07-15,PN,20.762,37.72,1.279
2024-07-15,NE,20.965,38.69,1.192
2024-07-22,CO,22.037,36.46,1.185
2024-07-22,UT,17.587,40.54,1.102
2024-07-22,CA,20.469,38.68,1.039
2024-07-22,PN,17.259,40.35,0.944
2024-07-22,NE,24.193,39.48,0.776
2024-07-29,CO,20.973,37.6,0.762
2024-07-29,UT,21.471,40.51,1.039
2024-07-29,CA,19.265,41.53,1.105
2024-07-29,PN,18.705,38.53,0.888
2024-07-29,NE,22.421,38.27,0.926
2024-08-05,CO,18.249,38.63,1.185
2024-08-05,UT,18.824,40.0,0.637
2024-08-05,CA,21.783,40.67,1.105
2024-08-05,PN,18.239,37.22,0.644
2024-08-05,NE,20.175,39.49,0.912
2024-08-12,CO,23.477,38.75,1.028
2024-08-12,UT,18.993,38.7,0.645
2024-08-12,CA,15.668,38.0,0.617
2024-08-12,PN,21.25,40.51,0.562
2024-08-12,NE,21.246,37.4,0.609
2024-08-19,CO,21.449,39.35,0.87
2024-08-19,UT,17.611,35.73,0.584
2024-08-19,CA,19.423,42.32,0.638
2024-08-19,PN,18.844,37.17,0.791
2024-08-19,NE,16.573,36.19,0.828
2024-08-26,CO,22.294,36.0,0.891
2024-08-26,UT,19.134,38.5,0.589
2024-08-26,CA,20.982,40.4,0.462
2024-08-26,PN,18.919,36.81,0.98
2024-08-26,NE,16.484,38.58,0.655
2024-09-02,CO,20.126,38.51,0.948
2024-09-02,UT,18.63,35.46,0.749
2024-09-02,CA,15.383,42.31,0.668
2024-09-02,PN,18.602,37.88,0.542
2024-09-02,NE,18.627,40.43,0.381
2024-09-09,CO,23.034,39.14,0.872
2024-09-09,UT,18.755,38.37,0.544
2024-09-09,CA,18.889,40.96,0.346
2024-09-09,PN,19.133,36.13,0.469
2024-09-09,NE,21.481,40.48,0.395
2024-09-16,CO,21.579,34.72,0.521
2024-09-16,UT,17.545,36.64,0.424
2024-09-16,CA,21.348,39.18,0.552
2024-09-16,PN,21.551,40.74,0.491
2024-09-16,NE,20.983,35.72,0.612
2024-09-23,CO,22.512,38.24,0.756
2024-09-23,UT,21.003,39.61,0.649
2024-09-23,CA,22.111,38.09,0.86
2024-09-23,PN,19.979,36.56,0.48
2024-09-23,NE,20.609,40.81,0.487
2024-09-30,CO,18.126,37.64,0.811
2024-09-30,UT,16.49,34.98,0.728
2024-09-30,CA,18.722,41.35,0.466
2024-09-30,PN,16.766,39.75,0.406
2024-09-30,NE,20.856,36.82,0.572
2024-10-07,CO,17.67,34.9,0.333
2024-10-07,UT,18.736,35.52,0.828
2024-10-07,CA,18.164,36.86,0.838
2024-10-07,PN,18.784,39.76,0.359
2024-10-07,NE,23.019,36.53,0.523
2024-10-14,CO,17.447,35.77,0.612
2024-10-14,UT,23.578,38.61,0.43
2024-10-14,CA,17.239,38.09,0.597
2024-10-14,PN,17.907,40.64,0.422
2024-10-14,NE,19.536,39.81,0.825
2024-10-21,CO,17.479,39.74,0.73
2024-10-21,UT,22.339,38.16,0.438
2024-10-21,CA,21.161,42.25,0.894
2024-10-21,PN,19.303,39.06,0.4
2024-10-21,NE,19.573,39.24,0.74
2024-10-28,CO,23.923,37.13,0.774
2024-10-28,UT,20.647,38.94,0.409
2024-10-28,CA,15.491,37.06,0.718
2024-10-28,PN,17.883,41.22,0.79
2024-10-28,NE,22.843,40.2,0.581
2024-11-04,CO,34.366,39.36,0.867
2024-11-04,UT,34.159,35.19,0.953
2024-11-04,CA,23.602,41.87,0.814
2024-11-04,PN,30.151,40.19,1.012
2024-11-04,NE,33.398,41.4,0.839
2024-11-11,CO,36.455,34.63,1.087
2024-11-11,UT,36.574,37.07,0.669
2024-11-11,CA,26.806,39.93,0.988
2024-11-11,PN,33.214,40.93,0.755
2024-11-11,NE,30.599,37.6,0.788
2024-11-18,CO,39.472,35.54,0.825
2024-11-18,UT,37.449,40.06,0.88
2024-11-18,CA,28.163,36.65,0.725
2024-11-18,PN,35.001,38.04,0.737
2024-11-18,NE,31.346,38.17,1.008
2024-11-25,CO,38.96,34.57,1.177
2024-11-25,UT,44.009,35.85,1.059
2024-11-25,CA,33.943,39.94,1.028
2024-11-25,PN,33.654,40.51,0.737
2024-11-25,NE,40.382,35.82,1.023
2024-12-02,CO,47.79,21.86,1.074
2024-12-02,UT,42.487,25.37,1.011
2024-12-02,CA,36.813,29.72,0.993
2024-12-02,PN,39.602,27.68,0.816
2024-12-02,NE,43.27,27.9,1.363
2024-12-09,CO,49.468,26.61,1.349
2024-12-09,UT,45.93,27.35,1.414
2024-12-09,CA,38.438,29.27,0.966
2024-12-09,PN,42.949,31.4,1.362
2024-12-09,NE,45.624,28.5,0.932
2024-12-16,CO,51.069,26.3,1.254
2024-12-16,UT,49.521,26.89,1.326
2024-12-16,CA,37.863,34.8,1.27
2024-12-16,PN,46.439,26.5,1.531
2024-12-16,NE,42.488,26.95,1.087
2024-12-23,CO,55.556,25.58,1.43
2024-12-23,UT,53.451,22.36,1.158
2024-12-23,CA,40.668,32.4,1.042
2024-12-23,PN,41.976,26.94,1.166
2024-12-23,NE,51.201,27.61,1.4
2024-12-30,CO,55.235,21.11,1.201
2024-12-30,UT,54.505,24.59,1.43
2024-12-30,CA,37.739,31.95,1.347
2024-12-30,PN,49.279,27.97,1.525
2024-12-30,NE,47.625,29.52,1.265
2025-01-06,CO,65.287,26.51,1.465
2025-01-06,UT,58.455,24.41,1.4
2025-01-06,CA,43.788,31.65,1.382
2025-01-06,PN,49.062,31.28,1.454
2025-01-06,NE,53.636,29.08,1.751
2025-01-13,CO,67.27,21.09,1.715
2025-01-13,UT,61.589,22.12,1.521
2025-01-13,CA,47.839,32.5,1.451
2025-01-13,PN,52.346,30.35,1.737
2025-01-13,NE,57.275,27.97,1.693
2025-01-20,CO,64.199,22.57,1.941
2025-01-20,UT,63.922,24.33,1.81
2025-01-20,CA,42.593,31.37,1.655
2025-01-20,PN,53.261,29.17,1.51
2025-01-20,NE,56.411,28.41,1.482
2025-01-27,CO,66.683,24.35,1.767
2025-01-27,UT,68.618,22.33,2.035
2025-01-27,CA,49.71,33.68,1.668
2025-01-27,PN,52.218,31.62,1.554
2025-01-27,NE,58.129,25.17,1.945
2025-02-03,CO,70.312,22.48,1.594
2025-02-03,UT,73.031,26.72,1.669
2025-02-03,CA,46.715,32.03,1.99
2025-02-03,PN,59.66,31.53,1.708
2025-02-03,NE,63.307,30.59,2.057
2025-02-10,CO,72.102,21.59,1.966
2025-02-10,UT,75.921,26.42,2.077
2025-02-10,CA,52.27,32.2,2.19
2025-02-10,PN,57.925,27.19,2.119
2025-02-10,NE,61.341,24.74,2.056
2025-02-17,CO,76.628,23.99,2.24
2025-02-17,UT,73.791,26.57,2.025
2025-02-17,CA,48.537,30.44,2.069
2025-02-17,PN,58.669,28.04,1.829
2025-02-17,NE,61.824,27.9,1.886
2025-02-24,CO,75.699,23.7,2.106
2025-02-24,UT,75.734,26.32,2.327
2025-02-24,CA,50.258,32.06,1.888
2025-02-24,PN,63.678,30.82,2.368
2025-02-24,NE,66.539,27.63,1.868
2025-03-03,CO,75.973,37.42,2.373
2025-03-03,UT,73.573,36.81,2.315
2025-03-03,CA,49.941,36.94,2.318
2025-03-03,PN,61.836,41.74,1.968
2025-03-03,NE,69.675,41.03,2.275
2025-03-10,CO,80.228,37.51,2.381
2025-03-10,UT,79.52,40.35,2.293
2025-03-10,CA,48.21,41.94,2.409
2025-03-10,PN,65.964,40.18,2.009
2025-03-10,NE,70.277,35.63,2.256
2025-03-17,CO,78.72,35.03,1.996
2025-03-17,UT,79.184,40.54,1.975
2025-03-17,CA,50.323,36.86,2.239
2025-03-17,PN,58.651,37.33,2.311
2025-03-17,NE,71.392,39.39,1.996
2025-03-24,CO,80.263,35.32,1.909
2025-03-24,UT,78.461,38.35,2.456
2025-03-24,CA,55.783,40.76,2.19
2025-03-24,PN,64.408,41.63,2.206
2025-03-24,NE,69.53,39.95,1.997
2025-03-31,CO,81.267,36.92,2.283
2025-03-31,UT,78.454,35.76,2.25
2025-03-31,CA,53.919,37.23,2.275
2025-03-31,PN,61.918,35.79,2.465
2025-03-31,NE,65.487,39.81,2.288
2025-04-07,CO,32.334,38.53,2.492
2025-04-07,UT,31.515,38.42,2.325
2025-04-07,CA,25.177,37.77,2.082
2025-04-07,PN,25.315,40.87,2.382
2025-04-07,NE,27.925,40.07,2.27
2025-04-14,CO,28.859,38.14,2.421
2025-04-14,UT,24.847,38.13,2.241
2025-04-14,CA,23.126,36.99,1.935
2025-04-14,PN,25.906,36.09,2.437
2025-04-14,NE,23.856,40.96,2.451
2025-04-21,CO,26.553,34.89,2.307
2025-04-21,UT,26.057,36.27,2.149
2025-04-21,CA,25.225,39.31,2.349
2025-04-21,PN,27.703,37.41,2.11
2025-04-21,NE,25.23,40.03,1.957
2025-04-28,CO,27.774,38.58,1.913
2025-04-28,UT,27.217,35.91,2.117
2025-04-28,CA,21.729,38.58,2.038
2025-04-28,PN,24.559,39.78,2.183
2025-04-28,NE,29.541,38.44,2.306
2025-05-05,CO,25.423,36.12,1.981
2025-05-05,UT,23.331,38.03,2.126
2025-05-05,CA,22.616,40.65,2.069
2025-05-05,PN,21.514,36.48,2.16
2025-05-05,NE,23.664,37.41,1.864
2025-05-12,CO,28.135,39.5,2.164
2025-05-12,UT,23.032,36.24,1.844
2025-05-12,CA,26.896,41.29,1.964
2025-05-12,PN,26.584,37.31,2.161
2025-05-12,NE,28.833,37.96,1.91
2025-05-19,CO,22.891,35.43,1.763
2025-05-19,UT,25.471,38.6,2.155
2025-05-19,CA,19.216,40.19,1.698
2025-05-19,PN,21.025,37.89,1.68
2025-05-19,NE,26.418,37.67,2.11
2025-05-26,CO,27.757,36.85,2.038
2025-05-26,UT,21.773,36.88,1.984
2025-05-26,CA,21.092,39.14,2.024
2025-05-26,PN,25.688,39.8,2.096
2025-05-26,NE,21.145,38.61,1.861
2025-06-02,CO,22.862,35.84,1.501
2025-06-02,UT,21.332,40.56,1.55
2025-06-02,CA,23.398,36.96,1.584
2025-06-02,PN,25.764,37.21,1.785
2025-06-02,NE,22.541,40.44,1.618
2025-06-09,CO,23.983,34.73,1.817
2025-06-09,UT,26.875,34.97,1.733
2025-06-09,CA,17.949,38.89,1.555
2025-06-09,PN,23.825,38.7,1.887
2025-06-09,NE,22.602,38.61,1.911
2025-06-16,CO,21.046,35.02,1.843
2025-06-16,UT,25.083,39.39,1.574
2025-06-16,CA,20.53,41.21,1.579
2025-06-16,PN,22.334,35.98,1.514
2025-06-16,NE,25.067,38.56,1.657
2025-06-23,CO,20.395,34.82,1.527
2025-06-23,UT,26.827,39.38,1.803
2025-06-23,CA,23.453,42.2,1.28
2025-06-23,PN,20.561,37.05,1.27
2025-06-23,NE,23.161,35.8,1.527
2025-06-30,CO,25.755,38.81,1.39
2025-06-30,UT,19.14,35.75,1.261
2025-06-30,CA,17.025,39.92,1.346
2025-06-30,PN,21.341,38.46,1.504
2025-06-30,NE,20.46,38.32,1.112
2025-07-07,CO,22.057,38.0,1.561
2025-07-07,UT,20.04,37.62,1.075
2025-07-07,CA,19.795,39.69,1.153
2025-07-07,PN,23.884,37.76,1.122
2025-07-07,NE,24.471,38.5,1.188
2025-07-14,CO,25.47,36.54,1.429
2025-07-14,UT,23.224,40.66,1.106
2025-07-14,CA,16.622,42.08,1.247
2025-07-14,PN,20.542,38.42,1.379
2025-07-14,NE,18.874,41.33,1.134
2025-07-21,CO,17.514,35.87,1.299
2025-07-21,UT,22.55,39.74,0.919
2025-07-21,CA,19.562,40.11,1.183
2025-07-21,PN,23.088,40.04,0.972
2025-07-21,NE,21.699,40.42,1.119
2025-07-28,CO,17.118,36.6,0.863
2025-07-28,UT,20.584,39.26,0.954
2025-07-28,CA,21.934,41.8,1.237
2025-07-28,PN,21.566,35.81,1.119
2025-07-28,NE,20.589,39.15,1.014
2025-08-04,CO,19.232,37.6,0.813
2025-08-04,UT,23.692,39.32,1.184
2025-08-04,CA,19.744,41.61,0.661
2025-08-04,PN,23.547,38.14,1.115
2025-08-04,NE,22.873,39.36,0.727
2025-08-11,CO,23.143,34.55,0.772
2025-08-11,UT,19.023,35.17,1.059
2025-08-11,CA,18.375,41.82,0.716
2025-08-11,PN,20.965,39.78,0.873
2025-08-11,NE,15.789,40.41,1.075
2025-08-18,CO,20.988,38.12,0.64
2025-08-18,UT,20.927,36.77,0.587
2025-08-18,CA,16.239,41.35,0.639
2025-08-18,PN,19.206,41.03,0.894
2025-08-18,NE,22.39,37.65,0.71
2025-08-25,CO,18.107,36.01,1.001
2025-08-25,UT,18.445,35.31,0.539
2025-08-25,CA,17.177,41.26,0.612
2025-08-25,PN,19.806,37.37,0.665
2025-08-25,NE,19.941,37.12,0.784
2025-09-01,CO,19.415,37.46,0.491
2025-09-01,UT,19.069,40.41,0.53
2025-09-01,CA,17.725,40.92,0.552
2025-09-01,PN,20.94,40.08,0.892
2025-09-01,NE,22.333,38.09,0.598
2025-09-08,CO,16.643,35.75,0.668
2025-09-08,UT,17.018,35.5,0.783
2025-09-08,CA,20.229,38.67,0.553
2025-09-08,PN,17.9,38.54,0.636
2025-09-08,NE,16.789,40.88,0.42
2025-09-15,CO,17.0,38.5,0.364
2025-09-15,UT,20.334,36.36,0.812
2025-09-15,CA,16.833,40.59,0.594
2025-09-15,PN,16.368,40.07,0.867
2025-09-15,NE,22.871,36.25,0.816
2025-09-22,CO,16.721,38.43,0.705
2025-09-22,UT,19.012,38.03,0.37
2025-09-22,CA,18.361,41.54,0.335
2025-09-22,PN,20.6,36.42,0.582
2025-09-22,NE,16.261,38.23,0.536
2025-09-29,CO,20.745,34.8,0.855
2025-09-29,UT,18.973,38.42,0.337
2025-09-29,CA,21.73,37.63,0.54
2025-09-29,PN,20.594,38.57,0.776
2025-09-29,NE,20.136,41.37,0.338
2025-10-06,CO,18.918,34.85,0.336
2025-10-06,UT,20.835,40.2,0.794
2025-10-06,CA,16.471,37.46,0.644
2025-10-06,PN,22.685,37.19,0.711
2025-10-06,NE,17.473,38.44,0.849
2025-10-13,CO,15.701,35.72,0.534
2025-10-13,UT,18.659,37.65,0.679
2025-10-13,CA,18.643,41.13,0.721
2025-10-13,PN,20.667,37.96,0.395
2025-10-13,NE,21.107,38.21,0.485
2025-10-20,CO,21.738,37.65,0.54
2025-10-20,UT,23.392,40.17,0.365
2025-10-20,CA,22.087,37.43,0.526
2025-10-20,PN,16.852,38.18,0.927
2025-10-20,NE,22.327,38.83,0.485
2025-10-27,CO,24.127,40.15,0.778
2025-10-27,UT,22.19,36.65,0.419
2025-10-27,CA,18.382,39.13,0.985
2025-10-27,PN,15.831,37.33,0.912
2025-10-27,NE,16.845,36.91,0.971
